 RENUMF90 version 1.162 with zlib
* START job     Wall time: 03-26-2024  11h 29m 38s 309
 name of parameter file? renum.par
 datafile:EPP.txt
 traits:           2
 number of weights=            1
 in columns:            0 (0 means no weight)
 R
   1.000    

 Processing effect  1 of type cross     
 item_kind=alpha     

 Processing effect  2 of type cross     
 item_kind=alpha     
 Reading (CO)VARIANCES:           1 x           1

 Processing effect  3 of type cross     
 item_kind=alpha     

 Processing effect  4 of type cross     
 item_kind=alpha     

 Processing effect  5 of type cross     
 item_kind=alpha     
 pedigree file name  "../../../../Pedigri.txt"
 positions of animal, sire, dam, alternate dam, yob, and group     1     2     3     0     0     0     0
 SNP file name  "../genoEPP_2.txt"
 all pedigrees to be included
 Inbreeding coefficients internally calculated with Meuwissen & Luo
 Reading (CO)VARIANCES:           1 x           1

 Maximum size of character fields: 20

 Maximum size of record (max_string_readline): 8000

 Maximum number of fields for input file (max_field_readline): 100

 Pedigree search method (ped_search): convention

 Order of pedigree animals (animal_order): default

 Order of UPG (upg_order): default

 Missing observation code (missing): 0

 Remove the data lines that have missing observations for all traits

  guessed number of lines        34512

 Using prime hash function
 hash tables for effects set up
 first 3 lines of the data file (up to 700 characters)
    1B-10008 972 1024 1B-10007 2 1
    1B-10009 957 1024 1B-10007 1 1
    1B-10015 1077 1025 1B-10007 1 2
% records read:       4.9983%, records read:       1725 timing           0.03050300
% records read:       9.9965%, records read:       3450 timing           0.05762601
% records read:      14.9948%, records read:       5175 timing           0.08029601
% records read:      19.9930%, records read:       6900 timing           0.10256100
 table expanded from        10000  to        20000  records
% records read:      24.9913%, records read:       8625 timing           0.20592901
% records read:      29.9896%, records read:      10350 timing           0.22926199
% records read:      34.9878%, records read:      12075 timing           0.25244001
% records read:      39.9861%, records read:      13800 timing           0.27579299
 table expanded from        20000  to        40000  records
% records read:      44.9844%, records read:      15525 timing           0.45716599
% records read:      49.9826%, records read:      17250 timing           0.47921500
% records read:      54.9809%, records read:      18975 timing           0.50146103
% records read:      59.9791%, records read:      20700 timing           0.52356195
% records read:      64.9774%, records read:      22425 timing           0.54635203
% records read:      69.9757%, records read:      24150 timing           0.56930304
% records read:      74.9739%, records read:      25875 timing           0.59272099
% records read:      79.9722%, records read:      27600 timing           0.61523104
 table expanded from        40000  to        80000  records
% records read:      84.9704%, records read:      29325 timing           0.95627892
% records read:      89.9687%, records read:      31050 timing           0.97901392
% records read:      94.9670%, records read:      32775 timing           1.00187099
% records read:      99.9652%, records read:      34500 timing           1.02465200
 read        34512  records in    1.024840      seconds
 ------------------------------
Processing effect group    1
 table with         6184  elements sorted
 added count
 Effect group            1  of column            1  with         6184  levels
 table expanded from        10000  to        10000  records
 Effect group            1  done in   9.9061966E-02  seconds
 ------------------------------
Processing effect group    2
 table with         2346  elements sorted
 added count
 Effect group            2  of column            1  with         2346  levels
 table expanded from        10000  to        10000  records
 Effect group            2  done in   6.4389944E-02  seconds
 ------------------------------
Processing effect group    3
 table with            2  elements sorted
 added count
 Effect group            3  of column            1  with            2  levels
 table expanded from        10000  to        10000  records
 Effect group            3  done in   4.1976929E-02  seconds
 ------------------------------
Processing effect group    4
 table with            5  elements sorted
 added count
 Effect group            4  of column            1  with            5  levels
 table expanded from        10000  to        10000  records
 Effect group            4  done in   4.2997956E-02  seconds
 ------------------------------
Processing effect group    5
 added count
 Effect group            5  of column            1  with        34512  levels
 Effect group            5  done in   2.9419661E-03  seconds
 wrote statistics in file "renf90.tables"
 reading data file for basic statistics
% records read:       4.9983%, records read:       1725 timing           0.01907802
% records read:       9.9965%, records read:       3450 timing           0.03801095
% records read:      14.9948%, records read:       5175 timing           0.05706394
% records read:      19.9930%, records read:       6900 timing           0.07595301
% records read:      24.9913%, records read:       8625 timing           0.09498298
% records read:      29.9896%, records read:      10350 timing           0.11374998
% records read:      34.9878%, records read:      12075 timing           0.13269293
% records read:      39.9861%, records read:      13800 timing           0.15155900
% records read:      44.9844%, records read:      15525 timing           0.17042303
% records read:      49.9826%, records read:      17250 timing           0.18878996
% records read:      54.9809%, records read:      18975 timing           0.20731294
% records read:      59.9791%, records read:      20700 timing           0.22546494
% records read:      64.9774%, records read:      22425 timing           0.24349999
% records read:      69.9757%, records read:      24150 timing           0.26139796
% records read:      74.9739%, records read:      25875 timing           0.27936995
% records read:      79.9722%, records read:      27600 timing           0.29716504
% records read:      84.9704%, records read:      29325 timing           0.31540895
% records read:      89.9687%, records read:      31050 timing           0.33419502
% records read:      94.9670%, records read:      32775 timing           0.35226500
% records read:      99.9652%, records read:      34500 timing           0.37030399

 Basic statistics for input data  (missing value code is '0')
 Pos  Min         Max         Mean        SD                 N
   2    610.00      1281.0      973.26      150.70       34512
 basic_statistics done in   0.3704849      seconds

 random effect with SNPs  5
 type: animal    
 file: ../genoEPP_2.txt
 form: plain text
 read SNPs        1972  records
 Effect group            5  of column            1  with        34512  levels
 add_snp done in   0.1310500      seconds
 reorder_animal done in   5.0067902E-06  seconds

 random effect   2
 type:diag      

 random effect   5
 type:animal    
renumber_animal, start    Wall time: 03-26-2024  11h 29m 41s 052
 opened output pedigree file "renadd05.ped"
 table expanded from        80000  to       160000  records
 table expanded from       160000  to       320000  records
 load_animals time    3.590811      seconds
 read       133217  pedigree records
 loaded        98705  parent(s) in round            0

 Pedigree checks
compute_inbreeding time, start    Wall time: 03-26-2024  11h 29m 44s 729

 Computations for inbreeding coefficients
actual inbreeding computation, start    Wall time: 03-26-2024  11h 29m 44s 768
actual inbreeding computation, done     Wall time: 03-26-2024  11h 29m 45s 021
 Tiny negative value will be replaced with 0 considered as numerical error.
 Wrote inbreeding file "renf90.inb" with original id

 Inbreeding statistics:
 the maximum inbreeding coefficient    =  0.5648
 average inbreeding for inbred animals =  0.0713   n = 96778
                       for all animals =  0.0518   n = 133217
compute_inbreeding time, done     Wall time: 03-26-2024  11h 29m 45s 553
 loop writing renadd, time   0.6724877      seconds
 
 Number of animals with records                  =        34512
 Number of animals with genotypes                =         1972
 Number of animals with records or genotypes     =        34512
 Number of animals with genotypes and no records =            0
 Number of parents without records or genotypes  =        98705
 Total number of animals                         =       133217
renumber_animal, end      Wall time: 03-26-2024  11h 29m 46s 225

 Wrote cross reference IDs for SNP file "../genoEPP_2.txt_XrefID"
 write_SNP_Xref done in   5.6127071E-02  seconds
 write_map done in   2.8610229E-06  seconds

 Wrote parameter file "renf90.par"
 write renf90.par done in   3.8194656E-04  seconds
 writing renf90.dat
% records written:       4.9983%, records written:       1725 timing           0.03716326
% records written:       9.9965%, records written:       3450 timing           0.07432127
% records written:      14.9948%, records written:       5175 timing           0.11128330
% records written:      19.9930%, records written:       6900 timing           0.14839697
% records written:      24.9913%, records written:       8625 timing           0.18645525
% records written:      29.9896%, records written:      10350 timing           0.22359133
% records written:      34.9878%, records written:      12075 timing           0.26087618
% records written:      39.9861%, records written:      13800 timing           0.29829216
% records written:      44.9844%, records written:      15525 timing           0.33548927
% records written:      49.9826%, records written:      17250 timing           0.37300396
% records written:      54.9809%, records written:      18975 timing           0.41035414
% records written:      59.9791%, records written:      20700 timing           0.44752121
% records written:      64.9774%, records written:      22425 timing           0.48480701
% records written:      69.9757%, records written:      24150 timing           0.52208996
% records written:      74.9739%, records written:      25875 timing           0.55902815
% records written:      79.9722%, records written:      27600 timing           0.59666920
% records written:      84.9704%, records written:      29325 timing           0.63367033
% records written:      89.9687%, records written:      31050 timing           0.67112732
% records written:      94.9670%, records written:      32775 timing           0.70861435
% records written:      99.9652%, records written:      34500 timing           0.74580526
 Wrote renumbered data "renf90.dat" 34512 records
 write renf90.dat done in   0.7460961      seconds
 Wrote field information "renf90.fields" for 6 fields in data
 save_renum_table done in   1.3923645E-04  seconds
* END  job     Wall time: 03-26-2024  11h 29m 47s 028
 name of parameter file?
renf90.par
     preGSf90 ver. 1.25

 Parameter file:             renf90.par
 Data file:                  renf90.dat
 Number of Traits             1
 Number of Effects            5
 Position of Observations      1
 Position of Weights           0
 Value of Missing Trait/Observation           0

EFFECTS
 #  type                position (2)        levels   [positions for nested]
    1  cross-classified       2      6184
    2  cross-classified       3      2346
    3  cross-classified       4         2
    4  cross-classified       5         5
    5  cross-classified       6    133217

 Residual (co)variance Matrix
  1.0000    

 Random Effect(s)    2
 Type of Random Effect:      diagonal
 trait   effect    (CO)VARIANCES
  1       2     1.000    

 Random Effect(s)    5
 Type of Random Effect:      additive animal with unknown parent groups and inbreeding
 Pedigree File:              renadd05.ped                                                                                                                                                                                                                                              
 trait   effect    (CO)VARIANCES
  1       5     1.000    

 REMARKS
  (1) Weight position 0 means no weights utilized
  (2) Effect positions of 0 for some effects and traits means that such
      effects are missing for specified traits
 
 

 Options read from parameter file for genomic
 * SNP format: BLUPF90 standard (text)
 * SNP file: ../genoEPP_2.txt
 * SNP Xref file: ../genoEPP_2.txt_XrefID
 * NOT CreateGInverse (default=.false.)
 * NOT CreateA22Inverse (default=.false.)
 * NOT CreateGimA22i (default=.false.)
 * Save Clean SNP data to (SNP_file)_clean file (default .false.)
 
 *--------------------------------------------------------------*
 *                 Genomic Library: Dist Version 1.313          *
 *                                                              *
 *             Optimized OpenMP Version -   4 threads            *
 *                                                              *
 *  Modified relationship matrix (H) created for effect:   5    *
 *--------------------------------------------------------------*
 
 Read 133217 animals from pedigree file: "renadd05.ped"
 Number of Genotyped Animals: 1972

 Creating A22 
    Extracting subset of: 6917 pedigrees from: 133217 elapsed time:     0.0014
    Calculating A22 Matrix by Colleau OpenMP...elapsed time: .0767
    Numbers of threads=4 4

 Reading SNP file
    Column position in file for the first marker: 11
    Format to read SNP file: (10x,400000i1)                                    
    Number of SNPs: 43421
    Format: integer genotypes (0 to 5) to double-precision array
    Number of Genotyped animals: 1972
    Reading SNP file elapsed time: 3.94
 
 Statistics of alleles frequencies in the current population
    N:          43421
    Mean:       0.255
    Min:        0.002
    Max:        0.535
    Var:        0.021
 
 Quality Control - SNPs with Call Rate < callrate ( 0.90) will removed: 0
 
 Quality Control - SNPs with MAF < minfreq ( 0.05) will removed: 4482
 
 Quality Control - Monomorphic SNPs will be removed: 0

 Quality Control - Removed Animals with Call rate < callrate ( 0.90): 0

 Quality Control - Check Parent-Progeny Mendelian conflicts

    Total animals: 133217 - Genotyped animals: 1972 - Effective: 1972

    Number of pairs Individual - Sire: 422
    Number of pairs Individual - Dam: 0
    Number of trios Individual - Sire - Dam: 0

    No sex Chromosome information is available !!
    QC for parent-progeny conflicts, HWE or heritability of gene content, could eliminate SNPs in sex Chr
    Provide map information and sex Chr to perform QC using autosomes

 Checking SNPs for Mendelian conflicts

    Total number of effective SNP: 38939
    Total number of parent-progeny evaluations: 422
    Number of SNPs with Mendelian conflicts: 0

 Checking Animals for Mendelian conflicts

    Total number of effective SNP for checks on Animals: 38939

    Number of Parent-Progeny Mendelian Conflicts: 0

 Number of effective SNPs (after QC): 38939

 Number of effective Individuals (after QC): 1972
 
 Statistics of alleles frequencies in the current population after
 Quality Control (MAF, monomorphic, call rate, HWE, Mendelian conflicts)
    N:          38939
    Mean:       0.281
    Min:        0.050
    Max:        0.535
    Var:        0.017

 List of SNPs removed in: "../genoEPP_2.txt_SNPs_removed"

 Clean genotype file was created: "../genoEPP_2.txt_clean"

 Cross reference ID file was created: "../genoEPP_2.txt_clean_XrefID"

 Genotypes missings (%): 10.322

 Genotypes missings after cleannig (%):  0.000

 Calculating G Matrix 
    Dgemm MKL #threads=     4    4 Elapsed omp_get_time:     4.8463
 
 Scale by Sum(2pq). Average:   14400.5676972545     

 Detecting samples with similar genotypes
    elapsed time=     0.0

 *****************************************
 *  Possible genotype duplicates samples *
 *****************************************

    i-j number of sample , i-j renumber Id, G(i,j), G(i,i), G(j,j), r(i,j) 
        1960     749   25522    4571  0.8933  0.9611  0.9243  0.9478
    elapsed time=     0.0
 Tuning G prior to blending with A22
/home/leonardo/Escritorio/Doc_p1/eva_genetica/Codigo
 RENUMF90 version 1.162 with zlib
* START job     Wall time: 03-26-2024  11h 30m 10s 272
 name of parameter file? renum.par
 datafile:EPP.txt
 traits:           2
 number of weights=            1
 in columns:            0 (0 means no weight)
 R
   1.000    

 Processing effect  1 of type cross     
 item_kind=alpha     

 Processing effect  2 of type cross     
 item_kind=alpha     
 Reading (CO)VARIANCES:           1 x           1

 Processing effect  3 of type cross     
 item_kind=alpha     

 Processing effect  4 of type cross     
 item_kind=alpha     

 Processing effect  5 of type cross     
 item_kind=alpha     
 pedigree file name  "../../../../Pedigri.txt"
 positions of animal, sire, dam, alternate dam, yob, and group     1     2     3     0     0     0     0
 SNP file name  "../genoEPP_2.txt"
 all pedigrees to be included
 Inbreeding coefficients internally calculated with Meuwissen & Luo
 Reading (CO)VARIANCES:           1 x           1

 Maximum size of character fields: 20

 Maximum size of record (max_string_readline): 8000

 Maximum number of fields for input file (max_field_readline): 100

 Pedigree search method (ped_search): convention

 Order of pedigree animals (animal_order): default

 Order of UPG (upg_order): default

 Missing observation code (missing): 0

 Remove the data lines that have missing observations for all traits

  guessed number of lines        34512

 Using prime hash function
 hash tables for effects set up
 first 3 lines of the data file (up to 700 characters)
    1B-10008 972 1024 1B-10007 2 1
    1B-10009 957 1024 1B-10007 1 1
    1B-10015 1077 1025 1B-10007 1 2
% records read:       4.9983%, records read:       1725 timing           0.02327299
% records read:       9.9965%, records read:       3450 timing           0.04669398
% records read:      14.9948%, records read:       5175 timing           0.06981400
% records read:      19.9930%, records read:       6900 timing           0.09320500
 table expanded from        10000  to        20000  records
% records read:      24.9913%, records read:       8625 timing           0.19687200
% records read:      29.9896%, records read:      10350 timing           0.21973500
% records read:      34.9878%, records read:      12075 timing           0.24282500
% records read:      39.9861%, records read:      13800 timing           0.26573202
 table expanded from        20000  to        40000  records
% records read:      44.9844%, records read:      15525 timing           0.45300600
% records read:      49.9826%, records read:      17250 timing           0.47671202
% records read:      54.9809%, records read:      18975 timing           0.50087202
% records read:      59.9791%, records read:      20700 timing           0.52338195
% records read:      64.9774%, records read:      22425 timing           0.54594600
% records read:      69.9757%, records read:      24150 timing           0.56782103
% records read:      74.9739%, records read:      25875 timing           0.58996701
% records read:      79.9722%, records read:      27600 timing           0.61235404
 table expanded from        40000  to        80000  records
% records read:      84.9704%, records read:      29325 timing           0.95235693
% records read:      89.9687%, records read:      31050 timing           0.97532201
% records read:      94.9670%, records read:      32775 timing           0.99838901
 read        34323  records in    1.018968      seconds

 *** Notice ***
     There are 189 lines with all-missing-observations lines, and
     the above number of records (34323) does not include such data.
     The all-missing records will be removed from renf90.dat.
     
 ------------------------------
Processing effect group    1
 table with         6175  elements sorted
 added count
 Effect group            1  of column            1  with         6175  levels
 table expanded from        10000  to        10000  records
 Effect group            1  done in   9.9084020E-02  seconds
 ------------------------------
Processing effect group    2
 table with         2339  elements sorted
 added count
 Effect group            2  of column            1  with         2339  levels
 table expanded from        10000  to        10000  records
 Effect group            2  done in   6.4419985E-02  seconds
 ------------------------------
Processing effect group    3
 table with            2  elements sorted
 added count
 Effect group            3  of column            1  with            2  levels
 table expanded from        10000  to        10000  records
 Effect group            3  done in   4.1868091E-02  seconds
 ------------------------------
Processing effect group    4
 table with            5  elements sorted
 added count
 Effect group            4  of column            1  with            5  levels
 table expanded from        10000  to        10000  records
 Effect group            4  done in   4.2008996E-02  seconds
 ------------------------------
Processing effect group    5
 added count
 Effect group            5  of column            1  with        34323  levels
 Effect group            5  done in   2.8550625E-03  seconds
 wrote statistics in file "renf90.tables"
 reading data file for basic statistics
% records read:       4.9983%, records read:       1725 timing           0.01865602
% records read:       9.9965%, records read:       3450 timing           0.03729200
% records read:      14.9948%, records read:       5175 timing           0.05582702
% records read:      19.9930%, records read:       6900 timing           0.07446301
% records read:      24.9913%, records read:       8625 timing           0.09289408
% records read:      29.9896%, records read:      10350 timing           0.11142111
% records read:      34.9878%, records read:      12075 timing           0.12993407
% records read:      39.9861%, records read:      13800 timing           0.14870906
% records read:      44.9844%, records read:      15525 timing           0.16738200
% records read:      49.9826%, records read:      17250 timing           0.18592000
% records read:      54.9809%, records read:      18975 timing           0.20462501
% records read:      59.9791%, records read:      20700 timing           0.22321308
% records read:      64.9774%, records read:      22425 timing           0.24173200
% records read:      69.9757%, records read:      24150 timing           0.26003110
% records read:      74.9739%, records read:      25875 timing           0.27874911
% records read:      79.9722%, records read:      27600 timing           0.29739904
% records read:      84.9704%, records read:      29325 timing           0.31591201
% records read:      89.9687%, records read:      31050 timing           0.33427107
% records read:      94.9670%, records read:      32775 timing           0.35277402
% records read:      99.9652%, records read:      34500 timing           0.37174809

 Basic statistics for input data  (missing value code is '0')
 Pos  Min         Max         Mean        SD                 N
   2    610.00      1281.0      973.44      150.80       34323

 *** Warning ***
     There are 189 lines with all-missing-observations lines.
     Such data will be removed from the final output.
 basic_statistics done in   0.3719220      seconds

 random effect with SNPs  5
 type: animal    
 file: ../genoEPP_2.txt
 form: plain text
 read SNPs        1972  records
 Effect group            5  of column            1  with        34512  levels
 add_snp done in   4.8313975E-02  seconds
 reorder_animal done in   3.9339066E-06  seconds

 random effect   2
 type:diag      

 random effect   5
 type:animal    
renumber_animal, start    Wall time: 03-26-2024  11h 30m 12s 249
 opened output pedigree file "renadd05.ped"
 table expanded from        80000  to       160000  records
 table expanded from       160000  to       320000  records
 load_animals time    3.603792      seconds
 read       133217  pedigree records
 loaded        98705  parent(s) in round            0

 Pedigree checks
compute_inbreeding time, start    Wall time: 03-26-2024  11h 30m 15s 935

 Computations for inbreeding coefficients
actual inbreeding computation, start    Wall time: 03-26-2024  11h 30m 15s 975
actual inbreeding computation, done     Wall time: 03-26-2024  11h 30m 16s 213
 Tiny negative value will be replaced with 0 considered as numerical error.
 Wrote inbreeding file "renf90.inb" with original id

 Inbreeding statistics:
 the maximum inbreeding coefficient    =  0.5648
 average inbreeding for inbred animals =  0.0713   n = 96778
                       for all animals =  0.0518   n = 133217
compute_inbreeding time, done     Wall time: 03-26-2024  11h 30m 16s 749
 loop writing renadd, time   0.6824861      seconds
 
 Number of animals with records                  =        34323
 Number of animals with genotypes                =         1972
 Number of animals with records or genotypes     =        34512
 Number of animals with genotypes and no records =          189
 Number of parents without records or genotypes  =        98705
 Total number of animals                         =       133217
renumber_animal, end      Wall time: 03-26-2024  11h 30m 17s 431

 Wrote cross reference IDs for SNP file "../genoEPP_2.txt_XrefID"
 write_SNP_Xref done in   5.6250095E-02  seconds
 write_map done in   2.8610229E-06  seconds

 Wrote parameter file "renf90.par"
 write renf90.par done in   3.7717819E-04  seconds
 writing renf90.dat
% records written:       4.9983%, records written:       1725 timing           0.03816795
% records written:       9.9965%, records written:       3450 timing           0.07569790
% records written:      14.9948%, records written:       5175 timing           0.11321592
% records written:      19.9930%, records written:       6900 timing           0.15085697
% records written:      24.9913%, records written:       8625 timing           0.18846416
% records written:      29.9896%, records written:      10350 timing           0.22550297
% records written:      34.9878%, records written:      12075 timing           0.26243496
% records written:      39.9861%, records written:      13800 timing           0.29971790
% records written:      44.9844%, records written:      15525 timing           0.33740711
% records written:      49.9826%, records written:      17250 timing           0.37523508
% records written:      54.9809%, records written:      18975 timing           0.41294193
% records written:      59.9791%, records written:      20700 timing           0.45082426
% records written:      64.9774%, records written:      22425 timing           0.48811626
% records written:      69.9757%, records written:      24150 timing           0.52527428
% records written:      74.9739%, records written:      25875 timing           0.56217718
% records written:      79.9722%, records written:      27600 timing           0.59958696
% records written:      84.9704%, records written:      29325 timing           0.63818693
% records written:      89.9687%, records written:      31050 timing           0.67637730
% records written:      94.9670%, records written:      32775 timing           0.71482611
 Wrote renumbered data "renf90.dat" 34323 records
 write renf90.dat done in   0.7494731      seconds
 All-observation-missing data detected: 189 records
 The renumbered file "renf90.dat" does not have such data.
 Wrote field information "renf90.fields" for 6 fields in data
 save_renum_table done in   1.3589859E-04  seconds
* END  job     Wall time: 03-26-2024  11h 30m 18s 238
 name of parameter file?
renf90.par
     preGSf90 ver. 1.25

 Parameter file:             renf90.par
 Data file:                  renf90.dat
 Number of Traits             1
 Number of Effects            5
 Position of Observations      1
 Position of Weights           0
 Value of Missing Trait/Observation           0

EFFECTS
 #  type                position (2)        levels   [positions for nested]
    1  cross-classified       2      6175
    2  cross-classified       3      2339
    3  cross-classified       4         2
    4  cross-classified       5         5
    5  cross-classified       6    133217

 Residual (co)variance Matrix
  1.0000    

 Random Effect(s)    2
 Type of Random Effect:      diagonal
 trait   effect    (CO)VARIANCES
  1       2     1.000    

 Random Effect(s)    5
 Type of Random Effect:      additive animal with unknown parent groups and inbreeding
 Pedigree File:              renadd05.ped                                                                                                                                                                                                                                              
 trait   effect    (CO)VARIANCES
  1       5     1.000    

 REMARKS
  (1) Weight position 0 means no weights utilized
  (2) Effect positions of 0 for some effects and traits means that such
      effects are missing for specified traits
 
 

 Options read from parameter file for genomic
 * SNP format: BLUPF90 standard (text)
 * SNP file: ../genoEPP_2.txt
 * SNP Xref file: ../genoEPP_2.txt_XrefID
 * NOT CreateGInverse (default=.false.)
 * NOT CreateA22Inverse (default=.false.)
 * NOT CreateGimA22i (default=.false.)
 * Save Clean SNP data to (SNP_file)_clean file (default .false.)
 
 *--------------------------------------------------------------*
 *                 Genomic Library: Dist Version 1.313          *
 *                                                              *
 *             Optimized OpenMP Version -   4 threads            *
 *                                                              *
 *  Modified relationship matrix (H) created for effect:   5    *
 *--------------------------------------------------------------*
 
 Read 133217 animals from pedigree file: "renadd05.ped"
 Number of Genotyped Animals: 1972

 Creating A22 
    Extracting subset of: 6917 pedigrees from: 133217 elapsed time:     0.0014
    Calculating A22 Matrix by Colleau OpenMP...elapsed time: .0784
    Numbers of threads=4 4

 Reading SNP file
    Column position in file for the first marker: 11
    Format to read SNP file: (10x,400000i1)                                    
    Number of SNPs: 43421
    Format: integer genotypes (0 to 5) to double-precision array
    Number of Genotyped animals: 1972
    Reading SNP file elapsed time: 4.00
 
 Statistics of alleles frequencies in the current population
    N:          43421
    Mean:       0.255
    Min:        0.002
    Max:        0.535
    Var:        0.021
 
 Quality Control - SNPs with Call Rate < callrate ( 0.90) will removed: 0
 
 Quality Control - SNPs with MAF < minfreq ( 0.05) will removed: 4482
 
 Quality Control - Monomorphic SNPs will be removed: 0

 Quality Control - Removed Animals with Call rate < callrate ( 0.90): 0

 Quality Control - Check Parent-Progeny Mendelian conflicts

    Total animals: 133217 - Genotyped animals: 1972 - Effective: 1972

    Number of pairs Individual - Sire: 422
    Number of pairs Individual - Dam: 0
    Number of trios Individual - Sire - Dam: 0

    No sex Chromosome information is available !!
    QC for parent-progeny conflicts, HWE or heritability of gene content, could eliminate SNPs in sex Chr
    Provide map information and sex Chr to perform QC using autosomes

 Checking SNPs for Mendelian conflicts

    Total number of effective SNP: 38939
    Total number of parent-progeny evaluations: 422
    Number of SNPs with Mendelian conflicts: 0

 Checking Animals for Mendelian conflicts

    Total number of effective SNP for checks on Animals: 38939

    Number of Parent-Progeny Mendelian Conflicts: 0

 Number of effective SNPs (after QC): 38939

 Number of effective Individuals (after QC): 1972
 
 Statistics of alleles frequencies in the current population after
 Quality Control (MAF, monomorphic, call rate, HWE, Mendelian conflicts)
    N:          38939
    Mean:       0.281
    Min:        0.050
    Max:        0.535
    Var:        0.017

 List of SNPs removed in: "../genoEPP_2.txt_SNPs_removed"

 Clean genotype file was created: "../genoEPP_2.txt_clean"

 Cross reference ID file was created: "../genoEPP_2.txt_clean_XrefID"

 Genotypes missings (%): 10.322

 Genotypes missings after cleannig (%):  0.000

 Calculating G Matrix 
    Dgemm MKL #threads=     4    4 Elapsed omp_get_time:     4.7385
 
 Scale by Sum(2pq). Average:   14400.5676972545     

 Detecting samples with similar genotypes
    elapsed time=     0.1

 *****************************************
 *  Possible genotype duplicates samples *
 *****************************************

    i-j number of sample , i-j renumber Id, G(i,j), G(i,i), G(j,j), r(i,j) 
        1960     749   25379    4554  0.8933  0.9611  0.9243  0.9478
    elapsed time=     0.0
 Tuning G prior to blending with A22
/home/leonardo/Escritorio/Doc_p1/eva_genetica/Codigo
 RENUMF90 version 1.162 with zlib
* START job     Wall time: 03-26-2024  11h 38m 10s 045
 name of parameter file? renum.par
 datafile:pDtte.txt
 traits:           2
 number of weights=            1
 in columns:            0 (0 means no weight)
 R
   1.000    

 Processing effect  1 of type cov       

 Processing effect  2 of type cross     
 item_kind=alpha     

 Processing effect  3 of type cross     
 item_kind=alpha     

 Processing effect  4 of type cross     
 item_kind=alpha     

 Processing effect  5 of type cross     
 item_kind=alpha     
 Optional maternal effect
 Optional maternal permanent environment
 pedigree file name  "../../../../Pedigri.txt"
 positions of animal, sire, dam, alternate dam, yob, and group     1     2     3     0     0     0     0
 SNP file name  "../genoPdtte_2.txt"
 all pedigrees to be included
 Inbreeding coefficients internally calculated with Meuwissen & Luo
 Reading (CO)VARIANCES:           2 x           2
 Reading (CO)VARIANCES_MPE:           1 x           1

 Maximum size of character fields: 20

 Maximum size of record (max_string_readline): 8000

 Maximum number of fields for input file (max_field_readline): 100

 Pedigree search method (ped_search): convention

 Order of pedigree animals (animal_order): default

 Order of UPG (upg_order): default

 Missing observation code (missing): 0

 Remove the data lines that have missing observations for all traits

  guessed number of lines        64519

 Using prime hash function
 hash tables for effects set up
 first 3 lines of the data file (up to 700 characters)
    JX-98019 234 213 1 6 4696
    IJ-98077 209 186 1 5 4454
    IJ-98063 227 218 1 6 4453
% records read:       4.9985%, records read:       3225 timing           0.07480800
% records read:       9.9971%, records read:       6450 timing           0.11826199
 table expanded from        10000  to        20000  records
% records read:      14.9956%, records read:       9675 timing           0.26154500
% records read:      19.9941%, records read:      12900 timing           0.30258000
 table expanded from        20000  to        40000  records
% records read:      24.9926%, records read:      16125 timing           0.54218799
% records read:      29.9912%, records read:      19350 timing           0.58142900
% records read:      34.9897%, records read:      22575 timing           0.62143403
% records read:      39.9882%, records read:      25800 timing           0.66401798
 table expanded from        40000  to        80000  records
% records read:      44.9867%, records read:      29025 timing           1.11646891
% records read:      49.9853%, records read:      32250 timing           1.15672803
% records read:      54.9838%, records read:      35475 timing           1.19757199
% records read:      59.9823%, records read:      38700 timing           1.23774600
% records read:      64.9809%, records read:      41925 timing           1.27825308
% records read:      69.9794%, records read:      45150 timing           1.31877494
% records read:      74.9779%, records read:      48375 timing           1.35938692
% records read:      79.9764%, records read:      51600 timing           1.40027189
% records read:      84.9750%, records read:      54825 timing           1.44100904
 table expanded from        80000  to       160000  records
% records read:      89.9735%, records read:      58050 timing           2.27573109
% records read:      94.9720%, records read:      61275 timing           2.31526113
% records read:      99.9706%, records read:      64500 timing           2.35444498
 read        64519  records in    2.354715      seconds
 ------------------------------
Processing effect group    1
 ------------------------------
Processing effect group    2
 table with            2  elements sorted
 added count
 Effect group            2  of column            1  with            2  levels
 table expanded from        10000  to        10000  records
 Effect group            2  done in   4.0709972E-02  seconds
 ------------------------------
Processing effect group    3
 table with            6  elements sorted
 added count
 Effect group            3  of column            1  with            6  levels
 table expanded from        10000  to        10000  records
 Effect group            3  done in   4.0900946E-02  seconds
 ------------------------------
Processing effect group    4
 table with         5352  elements sorted
 added count
 Effect group            4  of column            1  with         5352  levels
 table expanded from        10000  to        10000  records
 Effect group            4  done in   8.9318991E-02  seconds
 ------------------------------
Processing effect group    5
 added count
 Effect group            5  of column            1  with        64519  levels
 Effect group            5  done in   5.4268837E-03  seconds
 wrote statistics in file "renf90.tables"
 reading data file for basic statistics
% records read:       4.9985%, records read:       3225 timing           0.03442001
% records read:       9.9971%, records read:       6450 timing           0.06979108
% records read:      14.9956%, records read:       9675 timing           0.10468006
% records read:      19.9941%, records read:      12900 timing           0.13975120
% records read:      24.9926%, records read:      16125 timing           0.17401505
% records read:      29.9912%, records read:      19350 timing           0.20941401
% records read:      34.9897%, records read:      22575 timing           0.24469519
% records read:      39.9882%, records read:      25800 timing           0.28098011
% records read:      44.9867%, records read:      29025 timing           0.31608415
% records read:      49.9853%, records read:      32250 timing           0.35166907
% records read:      54.9838%, records read:      35475 timing           0.38714504
% records read:      59.9823%, records read:      38700 timing           0.42202020
% records read:      64.9809%, records read:      41925 timing           0.45609713
% records read:      69.9794%, records read:      45150 timing           0.49015522
% records read:      74.9779%, records read:      48375 timing           0.52441812
% records read:      79.9764%, records read:      51600 timing           0.55814004
% records read:      84.9750%, records read:      54825 timing           0.59239817
% records read:      89.9735%, records read:      58050 timing           0.62651014
% records read:      94.9720%, records read:      61275 timing           0.66043615
% records read:      99.9706%, records read:      64500 timing           0.69420600

 Basic statistics for input data  (missing value code is '0')
 Pos  Min         Max         Mean        SD                 N
   2    89.000      400.00      223.41      44.446       64519
   3    138.00      250.00      199.05      27.877       64519

 Correlation matrix
        2     3
  2   1.00  0.40
  3   0.40  1.00

 Counts of nonzero values (order as above)
      64519     64519
      64519     64519
 basic_statistics done in   0.6944830      seconds

 random effect with SNPs  5
 type: animal    
 file: ../genoPdtte_2.txt
 form: plain text
 read SNPs        2174  records
 Effect group            5  of column            1  with        64519  levels
 add_snp done in   0.1452992      seconds
 reorder_animal done in   5.0067902E-06  seconds

 random effect   5
 type:animal    
renumber_animal, start    Wall time: 03-26-2024  11h 38m 14s 619
 opened output pedigree file "renadd05.ped"
 table expanded from       160000  to       320000  records
 load_animals time    3.317471      seconds
 read       133217  pedigree records
 loaded        69541  parent(s) in round            0

 Pedigree checks
compute_inbreeding time, start    Wall time: 03-26-2024  11h 38m 18s 013

 Computations for inbreeding coefficients
actual inbreeding computation, start    Wall time: 03-26-2024  11h 38m 18s 052
actual inbreeding computation, done     Wall time: 03-26-2024  11h 38m 18s 293
 Tiny negative value will be replaced with 0 considered as numerical error.
 Wrote inbreeding file "renf90.inb" with original id

 Inbreeding statistics:
 the maximum inbreeding coefficient    =  0.5648
 average inbreeding for inbred animals =  0.0713   n = 96778
                       for all animals =  0.0515   n = 134060
compute_inbreeding time, done     Wall time: 03-26-2024  11h 38m 18s 837
 loop writing renadd, time   0.6847687      seconds
 
 Number of animals with records                  =        64519
 Number of animals with genotypes                =         2174
 Number of animals with records or genotypes     =        64519
 Number of animals with genotypes and no records =            0
 Number of parents without records or genotypes  =        68698
 Number of phantom dams                          =          843
 Total number of animals                         =       134060
renumber_animal, end      Wall time: 03-26-2024  11h 38m 19s 522

 Wrote cross reference IDs for SNP file "../genoPdtte_2.txt_XrefID"
 write_SNP_Xref done in   6.2068939E-02  seconds
 write_map done in   3.8146973E-06  seconds

 Wrote parameter file "renf90.par"
 write renf90.par done in   3.6716461E-04  seconds
 writing renf90.dat
% records written:       4.9985%, records written:       3225 timing           0.07118034
% records written:       9.9971%, records written:       6450 timing           0.14244747
% records written:      14.9956%, records written:       9675 timing           0.21386814
% records written:      19.9941%, records written:      12900 timing           0.28518391
% records written:      24.9926%, records written:      16125 timing           0.35622978
% records written:      29.9912%, records written:      19350 timing           0.42765522
% records written:      34.9897%, records written:      22575 timing           0.49909973
% records written:      39.9882%, records written:      25800 timing           0.57038212
% records written:      44.9867%, records written:      29025 timing           0.64156723
% records written:      49.9853%, records written:      32250 timing           0.71299458
% records written:      54.9838%, records written:      35475 timing           0.78478050
% records written:      59.9823%, records written:      38700 timing           0.85591793
% records written:      64.9809%, records written:      41925 timing           0.92699623
% records written:      69.9794%, records written:      45150 timing           0.99857903
% records written:      74.9779%, records written:      48375 timing           1.06993675
% records written:      79.9764%, records written:      51600 timing           1.14126396
% records written:      84.9750%, records written:      54825 timing           1.21400166
% records written:      89.9735%, records written:      58050 timing           1.28550053
% records written:      94.9720%, records written:      61275 timing           1.35793686
% records written:      99.9706%, records written:      64500 timing           1.42930412
 Wrote renumbered data "renf90.dat" 64519 records
 write renf90.dat done in    1.429755      seconds
 Wrote field information "renf90.fields" for 7 fields in data
 save_renum_table done in   1.3923645E-04  seconds
* END  job     Wall time: 03-26-2024  11h 38m 21s 015
 name of parameter file?
renf90.par
     preGSf90 ver. 1.25

 Parameter file:             renf90.par
 Data file:                  renf90.dat
 Number of Traits             1
 Number of Effects            7
 Position of Observations      1
 Position of Weights           0
 Value of Missing Trait/Observation           0

EFFECTS
 #  type                position (2)        levels   [positions for nested]
    1  covariable             2         1
    2  cross-classified       3         2
    3  cross-classified       4         6
    4  cross-classified       5      5352
    5  cross-classified       6    134060
    6  cross-classified       7    134060
    7  cross-classified       7    134060

 Residual (co)variance Matrix
  1.0000    

 correlated random effects     5  6
 Type of Random Effect:      additive animal with unknown parent groups and inbreeding
 Pedigree File:              renadd05.ped                                                                                                                                                                                                                                              
 trait   effect    (CO)VARIANCES
  1       5     1.000      0.1000    
  1       6    0.1000       1.000    

 Random Effect(s)    7
 Type of Random Effect:      diagonal
 trait   effect    (CO)VARIANCES
  1       7     1.000    

 REMARKS
  (1) Weight position 0 means no weights utilized
  (2) Effect positions of 0 for some effects and traits means that such
      effects are missing for specified traits
 
 

 Options read from parameter file for genomic
 * SNP format: BLUPF90 standard (text)
 * SNP file: ../genoPdtte_2.txt
 * SNP Xref file: ../genoPdtte_2.txt_XrefID
 * NOT CreateGInverse (default=.false.)
 * NOT CreateA22Inverse (default=.false.)
 * NOT CreateGimA22i (default=.false.)
 * Save Clean SNP data to (SNP_file)_clean file (default .false.)
 
 *--------------------------------------------------------------*
 *                 Genomic Library: Dist Version 1.313          *
 *                                                              *
 *             Optimized OpenMP Version -   4 threads            *
 *                                                              *
 *  Modified relationship matrix (H) created for effect:   5    *
 *--------------------------------------------------------------*
 
 Read 134060 animals from pedigree file: "renadd05.ped"
 Number of Genotyped Animals: 2174

 Creating A22 
    Extracting subset of: 7246 pedigrees from: 134060 elapsed time:     0.0081
    Calculating A22 Matrix by Colleau OpenMP...elapsed time: .1294
    Numbers of threads=4 4

 Reading SNP file
    Column position in file for the first marker: 11
    Format to read SNP file: (10x,400000i1)                                    
    Number of SNPs: 43421
    Format: integer genotypes (0 to 5) to double-precision array
    Number of Genotyped animals: 2174
    Reading SNP file elapsed time: 4.35
 
 Statistics of alleles frequencies in the current population
    N:          43421
    Mean:       0.254
    Min:        0.005
    Max:        0.527
    Var:        0.021
 
 Quality Control - SNPs with Call Rate < callrate ( 0.90) will removed: 0
 
 Quality Control - SNPs with MAF < minfreq ( 0.05) will removed: 4520
 
 Quality Control - Monomorphic SNPs will be removed: 0

 Quality Control - Removed Animals with Call rate < callrate ( 0.90): 0

 Quality Control - Check Parent-Progeny Mendelian conflicts

    Total animals: 134060 - Genotyped animals: 2174 - Effective: 2174

    Number of pairs Individual - Sire: 471
    Number of pairs Individual - Dam: 462
    Number of trios Individual - Sire - Dam: 177

    No sex Chromosome information is available !!
    QC for parent-progeny conflicts, HWE or heritability of gene content, could eliminate SNPs in sex Chr
    Provide map information and sex Chr to perform QC using autosomes

 Checking SNPs for Mendelian conflicts

    Total number of effective SNP: 38901
    Total number of parent-progeny evaluations: 933
    Number of SNPs with Mendelian conflicts: 0

 Checking Animals for Mendelian conflicts

    Total number of effective SNP for checks on Animals: 38901

    Number of Parent-Progeny Mendelian Conflicts: 0

 Number of effective SNPs (after QC): 38901

 Number of effective Individuals (after QC): 2174
 
 Statistics of alleles frequencies in the current population after
 Quality Control (MAF, monomorphic, call rate, HWE, Mendelian conflicts)
    N:          38901
    Mean:       0.281
    Min:        0.050
    Max:        0.527
    Var:        0.017

 List of SNPs removed in: "../genoPdtte_2.txt_SNPs_removed"

 Clean genotype file was created: "../genoPdtte_2.txt_clean"

 Cross reference ID file was created: "../genoPdtte_2.txt_clean_XrefID"

 Genotypes missings (%): 10.410

 Genotypes missings after cleannig (%):  0.000

 Calculating G Matrix 
    Dgemm MKL #threads=     4    4 Elapsed omp_get_time:     5.0370
 
 Scale by Sum(2pq). Average:   14382.6536646402     

 Detecting samples with similar genotypes
    elapsed time=     0.1

 *****************************************
 *  Possible genotype duplicates samples *
 *****************************************

    i-j number of sample , i-j renumber Id, G(i,j), G(i,i), G(j,j), r(i,j) 
        2156     818   23866   36670  0.8951  0.9629  0.9258  0.9480
    elapsed time=     0.0
 Tuning G prior to blending with A22
/home/leonardo/Escritorio/Doc_p1/eva_genetica/Codigo
 RENUMF90 version 1.162 with zlib
* START job     Wall time: 03-26-2024  11h 38m 46s 089
 name of parameter file? renum.par
 datafile:pDtte.txt
 traits:           2
 number of weights=            1
 in columns:            0 (0 means no weight)
 R
   1.000    

 Processing effect  1 of type cov       

 Processing effect  2 of type cross     
 item_kind=alpha     

 Processing effect  3 of type cross     
 item_kind=alpha     

 Processing effect  4 of type cross     
 item_kind=alpha     

 Processing effect  5 of type cross     
 item_kind=alpha     
 Optional maternal effect
 Optional maternal permanent environment
 pedigree file name  "../../../../Pedigri.txt"
 positions of animal, sire, dam, alternate dam, yob, and group     1     2     3     0     0     0     0
 SNP file name  "../genoPdtte_2.txt"
 all pedigrees to be included
 Inbreeding coefficients internally calculated with Meuwissen & Luo
 Reading (CO)VARIANCES:           2 x           2
 Reading (CO)VARIANCES_MPE:           1 x           1

 Maximum size of character fields: 20

 Maximum size of record (max_string_readline): 8000

 Maximum number of fields for input file (max_field_readline): 100

 Pedigree search method (ped_search): convention

 Order of pedigree animals (animal_order): default

 Order of UPG (upg_order): default

 Missing observation code (missing): 0

 Remove the data lines that have missing observations for all traits

  guessed number of lines        64519

 Using prime hash function
 hash tables for effects set up
 first 3 lines of the data file (up to 700 characters)
    JX-98019 234 213 1 6 4696
    IJ-98077 209 186 1 5 4454
    IJ-98063 227 218 1 6 4453
% records read:       4.9985%, records read:       3225 timing           0.04100001
% records read:       9.9971%, records read:       6450 timing           0.08294600
 table expanded from        10000  to        20000  records
% records read:      14.9956%, records read:       9675 timing           0.22575200
% records read:      19.9941%, records read:      12900 timing           0.26512203
 table expanded from        20000  to        40000  records
% records read:      24.9926%, records read:      16125 timing           0.50405502
% records read:      29.9912%, records read:      19350 timing           0.54549396
% records read:      34.9897%, records read:      22575 timing           0.58787405
% records read:      39.9882%, records read:      25800 timing           0.63101399
 table expanded from        40000  to        80000  records
% records read:      44.9867%, records read:      29025 timing           1.07872891
% records read:      49.9853%, records read:      32250 timing           1.11977494
% records read:      54.9838%, records read:      35475 timing           1.16109097
% records read:      59.9823%, records read:      38700 timing           1.20177400
% records read:      64.9809%, records read:      41925 timing           1.24312496
% records read:      69.9794%, records read:      45150 timing           1.28398895
% records read:      74.9779%, records read:      48375 timing           1.32529998
% records read:      79.9764%, records read:      51600 timing           1.36645901
% records read:      84.9750%, records read:      54825 timing           1.40736198
 table expanded from        80000  to       160000  records
% records read:      89.9735%, records read:      58050 timing           2.24320197
% records read:      94.9720%, records read:      61275 timing           2.28324103
 read        64299  records in    2.320641      seconds

 *** Notice ***
     There are 220 lines with all-missing-observations lines, and
     the above number of records (64299) does not include such data.
     The all-missing records will be removed from renf90.dat.
     
 ------------------------------
Processing effect group    1
 ------------------------------
Processing effect group    2
 table with            2  elements sorted
 added count
 Effect group            2  of column            1  with            2  levels
 table expanded from        10000  to        10000  records
 Effect group            2  done in   4.0702105E-02  seconds
 ------------------------------
Processing effect group    3
 table with            6  elements sorted
 added count
 Effect group            3  of column            1  with            6  levels
 table expanded from        10000  to        10000  records
 Effect group            3  done in   4.0863991E-02  seconds
 ------------------------------
Processing effect group    4
 table with         5352  elements sorted
 added count
 Effect group            4  of column            1  with         5352  levels
 table expanded from        10000  to        10000  records
 Effect group            4  done in   8.7938070E-02  seconds
 ------------------------------
Processing effect group    5
 added count
 Effect group            5  of column            1  with        64299  levels
 Effect group            5  done in   5.4149628E-03  seconds
 wrote statistics in file "renf90.tables"
 reading data file for basic statistics
% records read:       4.9985%, records read:       3225 timing           0.03411984
% records read:       9.9971%, records read:       6450 timing           0.06845498
% records read:      14.9956%, records read:       9675 timing           0.10227990
% records read:      19.9941%, records read:      12900 timing           0.13624501
% records read:      24.9926%, records read:      16125 timing           0.17026997
% records read:      29.9912%, records read:      19350 timing           0.20559001
% records read:      34.9897%, records read:      22575 timing           0.24125886
% records read:      39.9882%, records read:      25800 timing           0.27706599
% records read:      44.9867%, records read:      29025 timing           0.31284690
% records read:      49.9853%, records read:      32250 timing           0.34849596
% records read:      54.9838%, records read:      35475 timing           0.38418579
% records read:      59.9823%, records read:      38700 timing           0.41936183
% records read:      64.9809%, records read:      41925 timing           0.45334387
% records read:      69.9794%, records read:      45150 timing           0.48748398
% records read:      74.9779%, records read:      48375 timing           0.52152681
% records read:      79.9764%, records read:      51600 timing           0.55550289
% records read:      84.9750%, records read:      54825 timing           0.59011984
% records read:      89.9735%, records read:      58050 timing           0.62390399
% records read:      94.9720%, records read:      61275 timing           0.65778184
% records read:      99.9706%, records read:      64500 timing           0.69170785

 Basic statistics for input data  (missing value code is '0')
 Pos  Min         Max         Mean        SD                 N
   2    89.000      400.00      223.39      44.444       64299
   3    138.00      250.00      199.05      27.877       64519

 Correlation matrix
        2     3
  2   1.00  0.40
  3   0.40  1.00

 Counts of nonzero values (order as above)
      64299     64299
      64299     64519

 *** Warning ***
     There are 220 lines with all-missing-observations lines.
     Such data will be removed from the final output.
 basic_statistics done in   0.6919620      seconds

 random effect with SNPs  5
 type: animal    
 file: ../genoPdtte_2.txt
 form: plain text
 read SNPs        2174  records
 Effect group            5  of column            1  with        64519  levels
 add_snp done in   5.0146818E-02  seconds
 reorder_animal done in   2.8610229E-06  seconds

 random effect   5
 type:animal    
renumber_animal, start    Wall time: 03-26-2024  11h 38m 49s 600
 opened output pedigree file "renadd05.ped"
 table expanded from       160000  to       320000  records
 load_animals time    3.318595      seconds
 read       133217  pedigree records
 loaded        69522  parent(s) in round            0

 Pedigree checks
compute_inbreeding time, start    Wall time: 03-26-2024  11h 38m 53s 020

 Computations for inbreeding coefficients
actual inbreeding computation, start    Wall time: 03-26-2024  11h 38m 53s 058
actual inbreeding computation, done     Wall time: 03-26-2024  11h 38m 53s 314
 Tiny negative value will be replaced with 0 considered as numerical error.
 Wrote inbreeding file "renf90.inb" with original id

 Inbreeding statistics:
 the maximum inbreeding coefficient    =  0.5648
 average inbreeding for inbred animals =  0.0713   n = 96778
                       for all animals =  0.0515   n = 134041
compute_inbreeding time, done     Wall time: 03-26-2024  11h 38m 53s 870
 loop writing renadd, time   0.7017159      seconds
 
 Number of animals with records                  =        64299
 Number of animals with genotypes                =         2174
 Number of animals with records or genotypes     =        64519
 Number of animals with genotypes and no records =          220
 Number of parents without records or genotypes  =        68698
 Number of phantom dams                          =          824
 Total number of animals                         =       134041
renumber_animal, end      Wall time: 03-26-2024  11h 38m 54s 573

 Wrote cross reference IDs for SNP file "../genoPdtte_2.txt_XrefID"
 write_SNP_Xref done in   6.5045357E-02  seconds
 write_map done in   2.8610229E-06  seconds

 Wrote parameter file "renf90.par"
 write renf90.par done in   3.7765503E-04  seconds
 writing renf90.dat
% records written:       4.9985%, records written:       3225 timing           0.07074833
% records written:       9.9971%, records written:       6450 timing           0.14161491
% records written:      14.9956%, records written:       9675 timing           0.21232986
% records written:      19.9941%, records written:      12900 timing           0.28345299
% records written:      24.9926%, records written:      16125 timing           0.35398293
% records written:      29.9912%, records written:      19350 timing           0.42463493
% records written:      34.9897%, records written:      22575 timing           0.49648476
% records written:      39.9882%, records written:      25800 timing           0.56983852
% records written:      44.9867%, records written:      29025 timing           0.64287663
% records written:      49.9853%, records written:      32250 timing           0.71655464
% records written:      54.9838%, records written:      35475 timing           0.78972244
% records written:      59.9823%, records written:      38700 timing           0.86359692
% records written:      64.9809%, records written:      41925 timing           0.93775463
% records written:      69.9794%, records written:      45150 timing           1.01258659
% records written:      74.9779%, records written:      48375 timing           1.08773708
% records written:      79.9764%, records written:      51600 timing           1.16070461
% records written:      84.9750%, records written:      54825 timing           1.23454189
% records written:      89.9735%, records written:      58050 timing           1.30844402
% records written:      94.9720%, records written:      61275 timing           1.38295841
 Wrote renumbered data "renf90.dat" 64299 records
 write renf90.dat done in    1.452512      seconds
 All-observation-missing data detected: 220 records
 The renumbered file "renf90.dat" does not have such data.
 Wrote field information "renf90.fields" for 7 fields in data
 save_renum_table done in   1.4209747E-04  seconds
* END  job     Wall time: 03-26-2024  11h 38m 56s 101
 name of parameter file?
renf90.par
     preGSf90 ver. 1.25

 Parameter file:             renf90.par
 Data file:                  renf90.dat
 Number of Traits             1
 Number of Effects            7
 Position of Observations      1
 Position of Weights           0
 Value of Missing Trait/Observation           0

EFFECTS
 #  type                position (2)        levels   [positions for nested]
    1  covariable             2         1
    2  cross-classified       3         2
    3  cross-classified       4         6
    4  cross-classified       5      5352
    5  cross-classified       6    134041
    6  cross-classified       7    134041
    7  cross-classified       7    134041

 Residual (co)variance Matrix
  1.0000    

 correlated random effects     5  6
 Type of Random Effect:      additive animal with unknown parent groups and inbreeding
 Pedigree File:              renadd05.ped                                                                                                                                                                                                                                              
 trait   effect    (CO)VARIANCES
  1       5     1.000      0.1000    
  1       6    0.1000       1.000    

 Random Effect(s)    7
 Type of Random Effect:      diagonal
 trait   effect    (CO)VARIANCES
  1       7     1.000    

 REMARKS
  (1) Weight position 0 means no weights utilized
  (2) Effect positions of 0 for some effects and traits means that such
      effects are missing for specified traits
 
 

 Options read from parameter file for genomic
 * SNP format: BLUPF90 standard (text)
 * SNP file: ../genoPdtte_2.txt
 * SNP Xref file: ../genoPdtte_2.txt_XrefID
 * NOT CreateGInverse (default=.false.)
 * NOT CreateA22Inverse (default=.false.)
 * NOT CreateGimA22i (default=.false.)
 * Save Clean SNP data to (SNP_file)_clean file (default .false.)
 
 *--------------------------------------------------------------*
 *                 Genomic Library: Dist Version 1.313          *
 *                                                              *
 *             Optimized OpenMP Version -   4 threads            *
 *                                                              *
 *  Modified relationship matrix (H) created for effect:   5    *
 *--------------------------------------------------------------*
 
 Read 134041 animals from pedigree file: "renadd05.ped"
 Number of Genotyped Animals: 2174

 Creating A22 
    Extracting subset of: 7227 pedigrees from: 134041 elapsed time:     0.0015
    Calculating A22 Matrix by Colleau OpenMP...elapsed time: .0912
    Numbers of threads=4 4

 Reading SNP file
    Column position in file for the first marker: 11
    Format to read SNP file: (10x,400000i1)                                    
    Number of SNPs: 43421
    Format: integer genotypes (0 to 5) to double-precision array
    Number of Genotyped animals: 2174
    Reading SNP file elapsed time: 4.50
 
 Statistics of alleles frequencies in the current population
    N:          43421
    Mean:       0.254
    Min:        0.005
    Max:        0.527
    Var:        0.021
 
 Quality Control - SNPs with Call Rate < callrate ( 0.90) will removed: 0
 
 Quality Control - SNPs with MAF < minfreq ( 0.05) will removed: 4520
 
 Quality Control - Monomorphic SNPs will be removed: 0

 Quality Control - Removed Animals with Call rate < callrate ( 0.90): 0

 Quality Control - Check Parent-Progeny Mendelian conflicts

    Total animals: 134041 - Genotyped animals: 2174 - Effective: 2174

    Number of pairs Individual - Sire: 471
    Number of pairs Individual - Dam: 462
    Number of trios Individual - Sire - Dam: 177

    No sex Chromosome information is available !!
    QC for parent-progeny conflicts, HWE or heritability of gene content, could eliminate SNPs in sex Chr
    Provide map information and sex Chr to perform QC using autosomes

 Checking SNPs for Mendelian conflicts

    Total number of effective SNP: 38901
    Total number of parent-progeny evaluations: 933
    Number of SNPs with Mendelian conflicts: 0

 Checking Animals for Mendelian conflicts

    Total number of effective SNP for checks on Animals: 38901

    Number of Parent-Progeny Mendelian Conflicts: 0

 Number of effective SNPs (after QC): 38901

 Number of effective Individuals (after QC): 2174
 
 Statistics of alleles frequencies in the current population after
 Quality Control (MAF, monomorphic, call rate, HWE, Mendelian conflicts)
    N:          38901
    Mean:       0.281
    Min:        0.050
    Max:        0.527
    Var:        0.017

 List of SNPs removed in: "../genoPdtte_2.txt_SNPs_removed"

 Clean genotype file was created: "../genoPdtte_2.txt_clean"

 Cross reference ID file was created: "../genoPdtte_2.txt_clean_XrefID"

 Genotypes missings (%): 10.410

 Genotypes missings after cleannig (%):  0.000

 Calculating G Matrix 
    Dgemm MKL #threads=     4    4 Elapsed omp_get_time:     5.2697
 
 Scale by Sum(2pq). Average:   14382.6536646402     

 Detecting samples with similar genotypes
    elapsed time=     0.1

 *****************************************
 *  Possible genotype duplicates samples *
 *****************************************

    i-j number of sample , i-j renumber Id, G(i,j), G(i,i), G(j,j), r(i,j) 
        2156     818   23788   36551  0.8951  0.9629  0.9258  0.9480
    elapsed time=     0.0
 Tuning G prior to blending with A22
/home/leonardo/Escritorio/Doc_p1/eva_genetica/Codigo
 RENUMF90 version 1.162 with zlib
* START job     Wall time: 03-26-2024  11h 46m 48s 452
 name of parameter file? renum.par
 datafile:C365.txt
 traits:           2
 number of weights=            1
 in columns:            0 (0 means no weight)
 R
   1.000    

 Processing effect  1 of type cross     
 item_kind=alpha     

 Processing effect  2 of type cross     
 item_kind=alpha     

 Processing effect  3 of type cov       

 Processing effect  4 of type cov       

 Processing effect  5 of type cross     
 item_kind=alpha     
 pedigree file name  "../../../../Pedigri.txt"
 positions of animal, sire, dam, alternate dam, yob, and group     1     2     3     0     0     0     0
 SNP file name  "../genoC365_2.txt"
 all pedigrees to be included
 Inbreeding coefficients internally calculated with Meuwissen & Luo
 Reading (CO)VARIANCES:           1 x           1

 Maximum size of character fields: 20

 Maximum size of record (max_string_readline): 8000

 Maximum number of fields for input file (max_field_readline): 100

 Pedigree search method (ped_search): convention

 Order of pedigree animals (animal_order): default

 Order of UPG (upg_order): default

 Missing observation code (missing): 0

 Remove the data lines that have missing observations for all traits

  guessed number of lines        15335

 Using prime hash function
 hash tables for effects set up
 first 3 lines of the data file (up to 700 characters)
    JX-98019 1.4259318001586 1 BA041999 234 154
    IJ-98077 1.76365914786967 1 BA041999 209 150
    IJ-98063 1.56591478696742 1 BA041999 227 150
% records read:       6.5210%, records read:       1000 timing           0.01854602
% records read:      13.0421%, records read:       2000 timing           0.03672001
% records read:      19.5631%, records read:       3000 timing           0.05214700
% records read:      26.0841%, records read:       4000 timing           0.06543800
% records read:      32.6052%, records read:       5000 timing           0.07779801
% records read:      39.1262%, records read:       6000 timing           0.08974999
% records read:      45.6472%, records read:       7000 timing           0.10154000
 table expanded from        10000  to        20000  records
% records read:      52.1682%, records read:       8000 timing           0.19218400
% records read:      58.6893%, records read:       9000 timing           0.20403400
% records read:      65.2103%, records read:      10000 timing           0.21584299
% records read:      71.7313%, records read:      11000 timing           0.22817203
% records read:      78.2524%, records read:      12000 timing           0.24035099
% records read:      84.7734%, records read:      13000 timing           0.25243601
% records read:      91.2944%, records read:      14000 timing           0.26456103
 table expanded from        20000  to        40000  records
% records read:      97.8155%, records read:      15000 timing           0.43278798
 read        15335  records in   0.4368160      seconds
 ------------------------------
Processing effect group    1
 table with            2  elements sorted
 added count
 Effect group            1  of column            1  with            2  levels
 table expanded from        10000  to        10000  records
 Effect group            1  done in   4.1521013E-02  seconds
 ------------------------------
Processing effect group    2
 table with          498  elements sorted
 added count
 Effect group            2  of column            1  with          498  levels
 table expanded from        10000  to        10000  records
 Effect group            2  done in   4.8451960E-02  seconds
 ------------------------------
Processing effect group    3
 ------------------------------
Processing effect group    4
 ------------------------------
Processing effect group    5
 added count
 Effect group            5  of column            1  with        15335  levels
 Effect group            5  done in   1.3580322E-03  seconds
 wrote statistics in file "renf90.tables"
 reading data file for basic statistics
% records read:       6.5210%, records read:       1000 timing           0.01139903
% records read:      13.0421%, records read:       2000 timing           0.02279401
% records read:      19.5631%, records read:       3000 timing           0.03385800
% records read:      26.0841%, records read:       4000 timing           0.04479700
% records read:      32.6052%, records read:       5000 timing           0.05565602
% records read:      39.1262%, records read:       6000 timing           0.06649101
% records read:      45.6472%, records read:       7000 timing           0.07697499
% records read:      52.1682%, records read:       8000 timing           0.08775103
% records read:      58.6893%, records read:       9000 timing           0.09843004
% records read:      65.2103%, records read:      10000 timing           0.10934401
% records read:      71.7313%, records read:      11000 timing           0.11995304
% records read:      78.2524%, records read:      12000 timing           0.13074100
% records read:      84.7734%, records read:      13000 timing           0.14145601
% records read:      91.2944%, records read:      14000 timing           0.15219003
% records read:      97.8155%, records read:      15000 timing           0.16268802

 Basic statistics for input data  (missing value code is '0')
 Pos  Min         Max         Mean        SD                 N
   2   0.60870      1.9777      1.2873     0.23553       15335
   5    130.00      380.00      253.15      54.075       15335
   6    59.000      402.00      205.47      51.287       15335

 Correlation matrix
        2     5     6
  2   1.00 -0.12 -0.32
  5  -0.12  1.00 -0.61
  6  -0.32 -0.61  1.00

 Counts of nonzero values (order as above)
      15335     15335     15335
      15335     15335     15335
      15335     15335     15335
 basic_statistics done in   0.1663880      seconds

 random effect with SNPs  5
 type: animal    
 file: ../genoC365_2.txt
 form: plain text
 read SNPs          28  records
 Effect group            5  of column            1  with        15335  levels
 add_snp done in   1.9909739E-03  seconds
 reorder_animal done in   2.9802322E-06  seconds

 random effect   5
 type:animal    
renumber_animal, start    Wall time: 03-26-2024  11h 46m 49s 629
 opened output pedigree file "renadd05.ped"
 table expanded from        40000  to        80000  records
 table expanded from        80000  to       160000  records
 table expanded from       160000  to       320000  records
 load_animals time    3.970518      seconds
 read       133217  pedigree records
 loaded       117882  parent(s) in round            0

 Pedigree checks
compute_inbreeding time, start    Wall time: 03-26-2024  11h 46m 53s 693

 Computations for inbreeding coefficients
actual inbreeding computation, start    Wall time: 03-26-2024  11h 46m 53s 731
actual inbreeding computation, done     Wall time: 03-26-2024  11h 46m 53s 959
 Tiny negative value will be replaced with 0 considered as numerical error.
 Wrote inbreeding file "renf90.inb" with original id

 Inbreeding statistics:
 the maximum inbreeding coefficient    =  0.5648
 average inbreeding for inbred animals =  0.0713   n = 96778
                       for all animals =  0.0518   n = 133217
compute_inbreeding time, done     Wall time: 03-26-2024  11h 46m 54s 523
 loop writing renadd, time   0.6854682      seconds
 
 Number of animals with records                  =        15335
 Number of animals with genotypes                =           28
 Number of animals with records or genotypes     =        15335
 Number of animals with genotypes and no records =            0
 Number of parents without records or genotypes  =       117882
 Total number of animals                         =       133217
renumber_animal, end      Wall time: 03-26-2024  11h 46m 55s 232

 Wrote cross reference IDs for SNP file "../genoC365_2.txt_XrefID"
 write_SNP_Xref done in   9.9420547E-04  seconds
 write_map done in   1.9073486E-06  seconds

 Wrote parameter file "renf90.par"
 write renf90.par done in   3.2281876E-04  seconds
 writing renf90.dat
% records written:       6.5210%, records written:       1000 timing           0.02033806
% records written:      13.0421%, records written:       2000 timing           0.04040384
% records written:      19.5631%, records written:       3000 timing           0.06109667
% records written:      26.0841%, records written:       4000 timing           0.08168459
% records written:      32.6052%, records written:       5000 timing           0.10201263
% records written:      39.1262%, records written:       6000 timing           0.12255096
% records written:      45.6472%, records written:       7000 timing           0.14309978
% records written:      52.1682%, records written:       8000 timing           0.16347694
% records written:      58.6893%, records written:       9000 timing           0.18387461
% records written:      65.2103%, records written:      10000 timing           0.20400095
% records written:      71.7313%, records written:      11000 timing           0.22449160
% records written:      78.2524%, records written:      12000 timing           0.24476194
% records written:      84.7734%, records written:      13000 timing           0.26492167
% records written:      91.2944%, records written:      14000 timing           0.28498459
% records written:      97.8155%, records written:      15000 timing           0.30496693
 Wrote renumbered data "renf90.dat" 15335 records
 write renf90.dat done in   0.3117070      seconds
 Wrote field information "renf90.fields" for 6 fields in data
 save_renum_table done in   1.8215179E-04  seconds
* END  job     Wall time: 03-26-2024  11h 46m 55s 562
 name of parameter file?
renf90.par
     preGSf90 ver. 1.25

 Parameter file:             renf90.par
 Data file:                  renf90.dat
 Number of Traits             1
 Number of Effects            5
 Position of Observations      1
 Position of Weights           0
 Value of Missing Trait/Observation           0

EFFECTS
 #  type                position (2)        levels   [positions for nested]
    1  cross-classified       2         2
    2  cross-classified       3       498
    3  covariable             4         1
    4  covariable             5         1
    5  cross-classified       6    133217

 Residual (co)variance Matrix
  1.0000    

 Random Effect(s)    5
 Type of Random Effect:      additive animal with unknown parent groups and inbreeding
 Pedigree File:              renadd05.ped                                                                                                                                                                                                                                              
 trait   effect    (CO)VARIANCES
  1       5     1.000    

 REMARKS
  (1) Weight position 0 means no weights utilized
  (2) Effect positions of 0 for some effects and traits means that such
      effects are missing for specified traits
 
 

 Options read from parameter file for genomic
 * SNP format: BLUPF90 standard (text)
 * SNP file: ../genoC365_2.txt
 * SNP Xref file: ../genoC365_2.txt_XrefID
 * NOT CreateGInverse (default=.false.)
 * NOT CreateA22Inverse (default=.false.)
 * NOT CreateGimA22i (default=.false.)
 * Save Clean SNP data to (SNP_file)_clean file (default .false.)
 
 *--------------------------------------------------------------*
 *                 Genomic Library: Dist Version 1.313          *
 *                                                              *
 *             Optimized OpenMP Version -   4 threads            *
 *                                                              *
 *  Modified relationship matrix (H) created for effect:   5    *
 *--------------------------------------------------------------*
 
 Read 133217 animals from pedigree file: "renadd05.ped"
 Number of Genotyped Animals: 28

 Creating A22 
    Extracting subset of: 691 pedigrees from: 133217 elapsed time:     0.0007
    Calculating A22 Matrix by Colleau OpenMP...elapsed time: .0003
    Numbers of threads=4 4

 Reading SNP file
    Column position in file for the first marker: 11
    Format to read SNP file: (10x,400000i1)                                    
    Number of SNPs: 43421
    Format: integer genotypes (0 to 5) to double-precision array
    Number of Genotyped animals: 28
    Reading SNP file elapsed time: .21
 
 Statistics of alleles frequencies in the current population
    N:          43421
    Mean:       0.259
    Min:        0.000
    Max:        0.875
    Var:        0.031
 
 Quality Control - SNPs with Call Rate < callrate ( 0.90) will removed: 0
 
 Quality Control - SNPs with MAF < minfreq ( 0.05) will removed: 5579
 
 Quality Control - Monomorphic SNPs will be removed: 1975

 Quality Control - Removed Animals with Call rate < callrate ( 0.90): 0

 Quality Control - Check Parent-Progeny Mendelian conflicts

    Total animals: 133217 - Genotyped animals: 28 - Effective: 28

    Number of pairs Individual - Sire: 0
    Number of pairs Individual - Dam: 3
    Number of trios Individual - Sire - Dam: 0

    No sex Chromosome information is available !!
    QC for parent-progeny conflicts, HWE or heritability of gene content, could eliminate SNPs in sex Chr
    Provide map information and sex Chr to perform QC using autosomes

 Checking SNPs for Mendelian conflicts
    SNPs not masked, low # parent-progeny evaluations: 3

 Checking Animals for Mendelian conflicts

    Total number of effective SNP for checks on Animals: 37842

    Number of Parent-Progeny Mendelian Conflicts: 0

 Number of effective SNPs (after QC): 37842

 Number of effective Individuals (after QC): 28
 
 Statistics of alleles frequencies in the current population after
 Quality Control (MAF, monomorphic, call rate, HWE, Mendelian conflicts)
    N:          37842
    Mean:       0.294
    Min:        0.054
    Max:        0.875
    Var:        0.026

 List of SNPs removed in: "../genoC365_2.txt_SNPs_removed"

 Clean genotype file was created: "../genoC365_2.txt_clean"

 Cross reference ID file was created: "../genoC365_2.txt_clean_XrefID"

 Genotypes missings (%): 12.849

 Genotypes missings after cleannig (%):  0.000

 Calculating G Matrix 
    Dgemm MKL #threads=     4    4 Elapsed omp_get_time:     0.0023
 
 Scale by Sum(2pq). Average:   13780.1830357138     

 Detecting samples with similar genotypes
    elapsed time=     0.0
 Tuning G prior to blending with A22

 Tuning: Scale G matrix according to A22 -  Method: 2
    Diagonal A:    1.029    Offdiagonal A:    0.046    All A:    0.082    Difference:   0.983
    Diagonal G:    0.998    Offdiagonal G:   -0.037    All G:   -0.000    Difference:   1.035
    Diff G Diag - G OffDiag:    1.035    (da-oa)/(dg-og):    0.949
    Diff A OffDiag - G OffDiag:    0.083
    Diff A all - G all:    0.082
    a + G*b; a:  0.082       b:  0.949
 Method to select individuals: 1
 Number of individual selected: 28
 
 Blend G as alpha*G + beta*A22: (alpha,beta)     0.950     0.050

 Frequency - Diagonal of G
    N:          28
    Mean:        1.029
    Min:         0.899
    Max:         1.205
    Range:       0.015
    Class:     20
 
  #Class       Class   Count
       1  0.8988           1
       2  0.9141           0
       3  0.9294           1
       4  0.9448           4
       5  0.9601           5
       6  0.9754           2
       7  0.9908           2
       8   1.006           4
       9   1.021           0
      10   1.037           0
      11   1.052           1
      12   1.067           1
      13   1.083           0
      14   1.098           1
      15   1.113           0
      16   1.129           1
      17   1.144           0
      18   1.159           2
      19   1.175           1
      20   1.190           2
      21   1.205           0
 

 Check for diagonal of genomic relationship matrix


 Check for diagonal of genomic relationship matrix, genotypes not removed: 0

 ------------------------------
  Final Pedigree-Based Matrix 
 ------------------------------
 
 Statistic of Rel. Matrix A22
                                N      Mean       Min       Max       Var
     Diagonal                  28     1.029     1.000     1.203     0.002
     Off-diagonal             756     0.046     0.000     0.581     0.004
 

 ----------------------
  Final Genomic Matrix 
 ----------------------
 
 Statistic of Genomic Matrix
                                N      Mean       Min       Max       Var
     Diagonal                  28     1.029     0.899     1.205     0.008
     Off-diagonal             756     0.046    -0.057     0.527     0.006
 

 Correlation of Genomic Inbreeding and Pedigree Inbreeding
     Correlation:     0.3070
 
 Diagonal elements
    Estimating Regression Coefficients G = b0 11' + b1 A + e
    Regression coefficients b0 b1 =      0.375     0.636

    Correlation diagonal elements G & A     0.307
 
 All elements - Diagonal / Off-Diagonal
    Estimating Regression Coefficients G = b0 11' + b1 A + e
    Regression coefficients b0 b1 =      0.002     0.970

    Correlation all elements G & A     0.947
 
 Off-Diagonal
    Using 400 elements from A22 >= .02000

    Estimating Regression Coefficients G = b0 11' + b1 A + e
    Regression coefficients b0 b1 =      0.005     0.792

    Correlation Off-Diagonal elements G & A     0.665
 

*--------------------------------------------------*
* Setup Genomic Done !!!, elapsed time:      0.761 *
*--------------------------------------------------*

/home/leonardo/Escritorio/Doc_p1/eva_genetica/Codigo
 RENUMF90 version 1.162 with zlib
* START job     Wall time: 03-26-2024  11h 46m 58s 934
 name of parameter file? renum.par
 datafile:C365.txt
 traits:           2
 number of weights=            1
 in columns:            0 (0 means no weight)
 R
   1.000    

 Processing effect  1 of type cross     
 item_kind=alpha     

 Processing effect  2 of type cross     
 item_kind=alpha     

 Processing effect  3 of type cov       

 Processing effect  4 of type cov       

 Processing effect  5 of type cross     
 item_kind=alpha     
 pedigree file name  "../../../../Pedigri.txt"
 positions of animal, sire, dam, alternate dam, yob, and group     1     2     3     0     0     0     0
 SNP file name  "../genoC365_2.txt"
 all pedigrees to be included
 Inbreeding coefficients internally calculated with Meuwissen & Luo
 Reading (CO)VARIANCES:           1 x           1

 Maximum size of character fields: 20

 Maximum size of record (max_string_readline): 8000

 Maximum number of fields for input file (max_field_readline): 100

 Pedigree search method (ped_search): convention

 Order of pedigree animals (animal_order): default

 Order of UPG (upg_order): default

 Missing observation code (missing): 0

 Remove the data lines that have missing observations for all traits

  guessed number of lines        15335

 Using prime hash function
 hash tables for effects set up
 first 3 lines of the data file (up to 700 characters)
    JX-98019 1.4259318001586 1 BA041999 234 154
    IJ-98077 1.76365914786967 1 BA041999 209 150
    IJ-98063 1.56591478696742 1 BA041999 227 150
% records read:       6.5210%, records read:       1000 timing           0.01192901
% records read:      13.0421%, records read:       2000 timing           0.02389000
% records read:      19.5631%, records read:       3000 timing           0.03608900
% records read:      26.0841%, records read:       4000 timing           0.04782099
% records read:      32.6052%, records read:       5000 timing           0.05979601
% records read:      39.1262%, records read:       6000 timing           0.07159501
% records read:      45.6472%, records read:       7000 timing           0.08349499
 table expanded from        10000  to        20000  records
% records read:      52.1682%, records read:       8000 timing           0.17668301
% records read:      58.6893%, records read:       9000 timing           0.18904400
% records read:      65.2103%, records read:      10000 timing           0.20133400
% records read:      71.7313%, records read:      11000 timing           0.21363899
% records read:      78.2524%, records read:      12000 timing           0.22622901
% records read:      84.7734%, records read:      13000 timing           0.23888999
% records read:      91.2944%, records read:      14000 timing           0.25093701
 table expanded from        20000  to        40000  records
% records read:      97.8155%, records read:      15000 timing           0.41997403
 read        15328  records in   0.4239490      seconds

 *** Notice ***
     There are 7 lines with all-missing-observations lines, and
     the above number of records (15328) does not include such data.
     The all-missing records will be removed from renf90.dat.
     
 ------------------------------
Processing effect group    1
 table with            2  elements sorted
 added count
 Effect group            1  of column            1  with            2  levels
 table expanded from        10000  to        10000  records
 Effect group            1  done in   4.0588021E-02  seconds
 ------------------------------
Processing effect group    2
 table with          498  elements sorted
 added count
 Effect group            2  of column            1  with          498  levels
 table expanded from        10000  to        10000  records
 Effect group            2  done in   4.5430958E-02  seconds
 ------------------------------
Processing effect group    3
 ------------------------------
Processing effect group    4
 ------------------------------
Processing effect group    5
 added count
 Effect group            5  of column            1  with        15328  levels
 Effect group            5  done in   1.3349652E-03  seconds
 wrote statistics in file "renf90.tables"
 reading data file for basic statistics
% records read:       6.5210%, records read:       1000 timing           0.01079696
% records read:      13.0421%, records read:       2000 timing           0.02152598
% records read:      19.5631%, records read:       3000 timing           0.03225797
% records read:      26.0841%, records read:       4000 timing           0.04297101
% records read:      32.6052%, records read:       5000 timing           0.05340600
% records read:      39.1262%, records read:       6000 timing           0.06412899
% records read:      45.6472%, records read:       7000 timing           0.07482100
% records read:      52.1682%, records read:       8000 timing           0.08530396
% records read:      58.6893%, records read:       9000 timing           0.09630698
% records read:      65.2103%, records read:      10000 timing           0.10693699
% records read:      71.7313%, records read:      11000 timing           0.11769199
% records read:      78.2524%, records read:      12000 timing           0.12844998
% records read:      84.7734%, records read:      13000 timing           0.13895601
% records read:      91.2944%, records read:      14000 timing           0.14975899
% records read:      97.8155%, records read:      15000 timing           0.16048497

 Basic statistics for input data  (missing value code is '0')
 Pos  Min         Max         Mean        SD                 N
   2   0.60870      1.9777      1.2874     0.23555       15328
   5    130.00      380.00      253.15      54.075       15335
   6    59.000      402.00      205.47      51.287       15335

 Correlation matrix
        2     5     6
  2   1.00 -0.12 -0.32
  5  -0.12  1.00 -0.61
  6  -0.32 -0.61  1.00

 Counts of nonzero values (order as above)
      15328     15328     15328
      15328     15335     15335
      15328     15335     15335

 *** Warning ***
     There are 7 lines with all-missing-observations lines.
     Such data will be removed from the final output.
 basic_statistics done in   0.1640840      seconds

 random effect with SNPs  5
 type: animal    
 file: ../genoC365_2.txt
 form: plain text
 read SNPs          28  records
 Effect group            5  of column            1  with        15335  levels
 add_snp done in   8.5800886E-04  seconds
 reorder_animal done in   2.0265579E-06  seconds

 random effect   5
 type:animal    
renumber_animal, start    Wall time: 03-26-2024  11h 46m 59s 851
 opened output pedigree file "renadd05.ped"
 table expanded from        40000  to        80000  records
 table expanded from        80000  to       160000  records
 table expanded from       160000  to       320000  records
 load_animals time    3.845582      seconds
 read       133217  pedigree records
 loaded       117882  parent(s) in round            0

 Pedigree checks
compute_inbreeding time, start    Wall time: 03-26-2024  11h 47m 03s 772

 Computations for inbreeding coefficients
actual inbreeding computation, start    Wall time: 03-26-2024  11h 47m 03s 809
actual inbreeding computation, done     Wall time: 03-26-2024  11h 47m 04s 032
 Tiny negative value will be replaced with 0 considered as numerical error.
 Wrote inbreeding file "renf90.inb" with original id

 Inbreeding statistics:
 the maximum inbreeding coefficient    =  0.5648
 average inbreeding for inbred animals =  0.0713   n = 96778
                       for all animals =  0.0518   n = 133217
compute_inbreeding time, done     Wall time: 03-26-2024  11h 47m 04s 599
 loop writing renadd, time   0.6716189      seconds
 
 Number of animals with records                  =        15328
 Number of animals with genotypes                =           28
 Number of animals with records or genotypes     =        15335
 Number of animals with genotypes and no records =            7
 Number of parents without records or genotypes  =       117882
 Total number of animals                         =       133217
renumber_animal, end      Wall time: 03-26-2024  11h 47m 05s 291

 Wrote cross reference IDs for SNP file "../genoC365_2.txt_XrefID"
 write_SNP_Xref done in   9.2887878E-04  seconds
 write_map done in   3.3378601E-06  seconds

 Wrote parameter file "renf90.par"
 write renf90.par done in   3.9100647E-04  seconds
 writing renf90.dat
% records written:       6.5210%, records written:       1000 timing           0.02032232
% records written:      13.0421%, records written:       2000 timing           0.04057407
% records written:      19.5631%, records written:       3000 timing           0.06094408
% records written:      26.0841%, records written:       4000 timing           0.08141232
% records written:      32.6052%, records written:       5000 timing           0.10154724
% records written:      39.1262%, records written:       6000 timing           0.12165117
% records written:      45.6472%, records written:       7000 timing           0.14176321
% records written:      52.1682%, records written:       8000 timing           0.16193628
% records written:      58.6893%, records written:       9000 timing           0.18226242
% records written:      65.2103%, records written:      10000 timing           0.20266914
% records written:      71.7313%, records written:      11000 timing           0.22291899
% records written:      78.2524%, records written:      12000 timing           0.24307108
% records written:      84.7734%, records written:      13000 timing           0.26328802
% records written:      91.2944%, records written:      14000 timing           0.28347445
% records written:      97.8155%, records written:      15000 timing           0.30368233
 Wrote renumbered data "renf90.dat" 15328 records
 write renf90.dat done in   0.3104310      seconds
 All-observation-missing data detected: 7 records
 The renumbered file "renf90.dat" does not have such data.
 Wrote field information "renf90.fields" for 6 fields in data
 save_renum_table done in   1.6689301E-04  seconds
* END  job     Wall time: 03-26-2024  11h 47m 05s 626
 name of parameter file?
renf90.par
     preGSf90 ver. 1.25

 Parameter file:             renf90.par
 Data file:                  renf90.dat
 Number of Traits             1
 Number of Effects            5
 Position of Observations      1
 Position of Weights           0
 Value of Missing Trait/Observation           0

EFFECTS
 #  type                position (2)        levels   [positions for nested]
    1  cross-classified       2         2
    2  cross-classified       3       498
    3  covariable             4         1
    4  covariable             5         1
    5  cross-classified       6    133217

 Residual (co)variance Matrix
  1.0000    

 Random Effect(s)    5
 Type of Random Effect:      additive animal with unknown parent groups and inbreeding
 Pedigree File:              renadd05.ped                                                                                                                                                                                                                                              
 trait   effect    (CO)VARIANCES
  1       5     1.000    

 REMARKS
  (1) Weight position 0 means no weights utilized
  (2) Effect positions of 0 for some effects and traits means that such
      effects are missing for specified traits
 
 

 Options read from parameter file for genomic
 * SNP format: BLUPF90 standard (text)
 * SNP file: ../genoC365_2.txt
 * SNP Xref file: ../genoC365_2.txt_XrefID
 * NOT CreateGInverse (default=.false.)
 * NOT CreateA22Inverse (default=.false.)
 * NOT CreateGimA22i (default=.false.)
 * Save Clean SNP data to (SNP_file)_clean file (default .false.)
 
 *--------------------------------------------------------------*
 *                 Genomic Library: Dist Version 1.313          *
 *                                                              *
 *             Optimized OpenMP Version -   4 threads            *
 *                                                              *
 *  Modified relationship matrix (H) created for effect:   5    *
 *--------------------------------------------------------------*
 
 Read 133217 animals from pedigree file: "renadd05.ped"
 Number of Genotyped Animals: 28

 Creating A22 
    Extracting subset of: 691 pedigrees from: 133217 elapsed time:     0.0013
    Calculating A22 Matrix by Colleau OpenMP...elapsed time: .0004
    Numbers of threads=4 4

 Reading SNP file
    Column position in file for the first marker: 11
    Format to read SNP file: (10x,400000i1)                                    
    Number of SNPs: 43421
    Format: integer genotypes (0 to 5) to double-precision array
    Number of Genotyped animals: 28
    Reading SNP file elapsed time: .21
 
 Statistics of alleles frequencies in the current population
    N:          43421
    Mean:       0.259
    Min:        0.000
    Max:        0.875
    Var:        0.031
 
 Quality Control - SNPs with Call Rate < callrate ( 0.90) will removed: 0
 
 Quality Control - SNPs with MAF < minfreq ( 0.05) will removed: 5579
 
 Quality Control - Monomorphic SNPs will be removed: 1975

 Quality Control - Removed Animals with Call rate < callrate ( 0.90): 0

 Quality Control - Check Parent-Progeny Mendelian conflicts

    Total animals: 133217 - Genotyped animals: 28 - Effective: 28

    Number of pairs Individual - Sire: 0
    Number of pairs Individual - Dam: 3
    Number of trios Individual - Sire - Dam: 0

    No sex Chromosome information is available !!
    QC for parent-progeny conflicts, HWE or heritability of gene content, could eliminate SNPs in sex Chr
    Provide map information and sex Chr to perform QC using autosomes

 Checking SNPs for Mendelian conflicts
    SNPs not masked, low # parent-progeny evaluations: 3

 Checking Animals for Mendelian conflicts

    Total number of effective SNP for checks on Animals: 37842

    Number of Parent-Progeny Mendelian Conflicts: 0

 Number of effective SNPs (after QC): 37842

 Number of effective Individuals (after QC): 28
 
 Statistics of alleles frequencies in the current population after
 Quality Control (MAF, monomorphic, call rate, HWE, Mendelian conflicts)
    N:          37842
    Mean:       0.294
    Min:        0.054
    Max:        0.875
    Var:        0.026

 List of SNPs removed in: "../genoC365_2.txt_SNPs_removed"

 Clean genotype file was created: "../genoC365_2.txt_clean"

 Cross reference ID file was created: "../genoC365_2.txt_clean_XrefID"

 Genotypes missings (%): 12.849

 Genotypes missings after cleannig (%):  0.000

 Calculating G Matrix 
    Dgemm MKL #threads=     4    4 Elapsed omp_get_time:     0.0022
 
 Scale by Sum(2pq). Average:   13780.1830357138     

 Detecting samples with similar genotypes
    elapsed time=     0.0
 Tuning G prior to blending with A22

 Tuning: Scale G matrix according to A22 -  Method: 2
    Diagonal A:    1.029    Offdiagonal A:    0.046    All A:    0.082    Difference:   0.983
    Diagonal G:    0.998    Offdiagonal G:   -0.037    All G:   -0.000    Difference:   1.035
    Diff G Diag - G OffDiag:    1.035    (da-oa)/(dg-og):    0.949
    Diff A OffDiag - G OffDiag:    0.083
    Diff A all - G all:    0.082
    a + G*b; a:  0.082       b:  0.949
 Method to select individuals: 1
 Number of individual selected: 28
 
 Blend G as alpha*G + beta*A22: (alpha,beta)     0.950     0.050

 Frequency - Diagonal of G
    N:          28
    Mean:        1.029
    Min:         0.899
    Max:         1.205
    Range:       0.015
    Class:     20
 
  #Class       Class   Count
       1  0.8988           1
       2  0.9141           0
       3  0.9294           1
       4  0.9448           4
       5  0.9601           5
       6  0.9754           2
       7  0.9908           2
       8   1.006           4
       9   1.021           0
      10   1.037           0
      11   1.052           1
      12   1.067           1
      13   1.083           0
      14   1.098           1
      15   1.113           0
      16   1.129           1
      17   1.144           0
      18   1.159           2
      19   1.175           1
      20   1.190           2
      21   1.205           0
 

 Check for diagonal of genomic relationship matrix


 Check for diagonal of genomic relationship matrix, genotypes not removed: 0

 ------------------------------
  Final Pedigree-Based Matrix 
 ------------------------------
 
 Statistic of Rel. Matrix A22
                                N      Mean       Min       Max       Var
     Diagonal                  28     1.029     1.000     1.203     0.002
     Off-diagonal             756     0.046     0.000     0.581     0.004
 

 ----------------------
  Final Genomic Matrix 
 ----------------------
 
 Statistic of Genomic Matrix
                                N      Mean       Min       Max       Var
     Diagonal                  28     1.029     0.899     1.205     0.008
     Off-diagonal             756     0.046    -0.057     0.527     0.006
 

 Correlation of Genomic Inbreeding and Pedigree Inbreeding
     Correlation:     0.3070
 
 Diagonal elements
    Estimating Regression Coefficients G = b0 11' + b1 A + e
    Regression coefficients b0 b1 =      0.375     0.636

    Correlation diagonal elements G & A     0.307
 
 All elements - Diagonal / Off-Diagonal
    Estimating Regression Coefficients G = b0 11' + b1 A + e
    Regression coefficients b0 b1 =      0.002     0.970

    Correlation all elements G & A     0.947
 
 Off-Diagonal
    Using 400 elements from A22 >= .02000

    Estimating Regression Coefficients G = b0 11' + b1 A + e
    Regression coefficients b0 b1 =      0.005     0.792

    Correlation Off-Diagonal elements G & A     0.665
 

*--------------------------------------------------*
* Setup Genomic Done !!!, elapsed time:      0.722 *
*--------------------------------------------------*

/home/leonardo/Escritorio/Doc_p1/eva_genetica/Codigo
 RENUMF90 version 1.162 with zlib
* START job     Wall time: 03-26-2024  11h 51m 11s 466
 name of parameter file? renum.par
 datafile:EPP.txt
 traits:           2
 number of weights=            1
 in columns:            0 (0 means no weight)
 R
   1.000    

 Processing effect  1 of type cross     
 item_kind=alpha     

 Processing effect  2 of type cross     
 item_kind=alpha     
 Reading (CO)VARIANCES:           1 x           1

 Processing effect  3 of type cross     
 item_kind=alpha     

 Processing effect  4 of type cross     
 item_kind=alpha     

 Processing effect  5 of type cross     
 item_kind=alpha     
 pedigree file name  "../../../../Pedigri.txt"
 positions of animal, sire, dam, alternate dam, yob, and group     1     2     3     0     0     0     0
 SNP file name  "../genoEPP_2.txt"
 all pedigrees to be included
 Inbreeding coefficients internally calculated with Meuwissen & Luo
 Reading (CO)VARIANCES:           1 x           1

 Maximum size of character fields: 20

 Maximum size of record (max_string_readline): 8000

 Maximum number of fields for input file (max_field_readline): 100

 Pedigree search method (ped_search): convention

 Order of pedigree animals (animal_order): default

 Order of UPG (upg_order): default

 Missing observation code (missing): 0

 Remove the data lines that have missing observations for all traits

  guessed number of lines        34512

 Using prime hash function
 hash tables for effects set up
 first 3 lines of the data file (up to 700 characters)
    1B-10008 972 1024 1B-10007 2 1
    1B-10009 957 1024 1B-10007 1 1
    1B-10015 1077 1025 1B-10007 1 2
% records read:       4.9983%, records read:       1725 timing           0.04757300
% records read:       9.9965%, records read:       3450 timing           0.07864800
% records read:      14.9948%, records read:       5175 timing           0.10230300
% records read:      19.9930%, records read:       6900 timing           0.12464198
 table expanded from        10000  to        20000  records
% records read:      24.9913%, records read:       8625 timing           0.22625002
% records read:      29.9896%, records read:      10350 timing           0.24825898
% records read:      34.9878%, records read:      12075 timing           0.27055302
% records read:      39.9861%, records read:      13800 timing           0.29257497
 table expanded from        20000  to        40000  records
% records read:      44.9844%, records read:      15525 timing           0.47082302
% records read:      49.9826%, records read:      17250 timing           0.49296501
% records read:      54.9809%, records read:      18975 timing           0.51503503
% records read:      59.9791%, records read:      20700 timing           0.53723896
% records read:      64.9774%, records read:      22425 timing           0.55943799
% records read:      69.9757%, records read:      24150 timing           0.58320999
% records read:      74.9739%, records read:      25875 timing           0.60622704
% records read:      79.9722%, records read:      27600 timing           0.62870598
 table expanded from        40000  to        80000  records
% records read:      84.9704%, records read:      29325 timing           0.97135103
% records read:      89.9687%, records read:      31050 timing           0.99395907
% records read:      94.9670%, records read:      32775 timing           1.01611805
% records read:      99.9652%, records read:      34500 timing           1.03837299
 read        34512  records in    1.038589      seconds
 ------------------------------
Processing effect group    1
 table with         6184  elements sorted
 added count
 Effect group            1  of column            1  with         6184  levels
 table expanded from        10000  to        10000  records
 Effect group            1  done in   9.7186923E-02  seconds
 ------------------------------
Processing effect group    2
 table with         2346  elements sorted
 added count
 Effect group            2  of column            1  with         2346  levels
 table expanded from        10000  to        10000  records
 Effect group            2  done in   6.3776016E-02  seconds
 ------------------------------
Processing effect group    3
 table with            2  elements sorted
 added count
 Effect group            3  of column            1  with            2  levels
 table expanded from        10000  to        10000  records
 Effect group            3  done in   4.0513992E-02  seconds
 ------------------------------
Processing effect group    4
 table with            5  elements sorted
 added count
 Effect group            4  of column            1  with            5  levels
 table expanded from        10000  to        10000  records
 Effect group            4  done in   4.1078091E-02  seconds
 ------------------------------
Processing effect group    5
 added count
 Effect group            5  of column            1  with        34512  levels
 Effect group            5  done in   3.0889511E-03  seconds
 wrote statistics in file "renf90.tables"
 reading data file for basic statistics
% records read:       4.9983%, records read:       1725 timing           0.01916003
% records read:       9.9965%, records read:       3450 timing           0.03799999
% records read:      14.9948%, records read:       5175 timing           0.05680609
% records read:      19.9930%, records read:       6900 timing           0.07562697
% records read:      24.9913%, records read:       8625 timing           0.09449804
% records read:      29.9896%, records read:      10350 timing           0.11322105
% records read:      34.9878%, records read:      12075 timing           0.13204002
% records read:      39.9861%, records read:      13800 timing           0.15073907
% records read:      44.9844%, records read:      15525 timing           0.16947198
% records read:      49.9826%, records read:      17250 timing           0.18804502
% records read:      54.9809%, records read:      18975 timing           0.20663500
% records read:      59.9791%, records read:      20700 timing           0.22529304
% records read:      64.9774%, records read:      22425 timing           0.24390399
% records read:      69.9757%, records read:      24150 timing           0.26244497
% records read:      74.9739%, records read:      25875 timing           0.28165305
% records read:      79.9722%, records read:      27600 timing           0.30025303
% records read:      84.9704%, records read:      29325 timing           0.31882608
% records read:      89.9687%, records read:      31050 timing           0.33741498
% records read:      94.9670%, records read:      32775 timing           0.35633802
% records read:      99.9652%, records read:      34500 timing           0.37518609

 Basic statistics for input data  (missing value code is '0')
 Pos  Min         Max         Mean        SD                 N
   2    610.00      1281.0      973.26      150.70       34512
 basic_statistics done in   0.3753741      seconds

 random effect with SNPs  5
 type: animal    
 file: ../genoEPP_2.txt
 form: plain text
 read SNPs        1972  records
 Effect group            5  of column            1  with        34512  levels
 add_snp done in   0.1011541      seconds
 reorder_animal done in   5.9604645E-06  seconds

 random effect   2
 type:diag      

 random effect   5
 type:animal    
renumber_animal, start    Wall time: 03-26-2024  11h 51m 14s 044
 opened output pedigree file "renadd05.ped"
 table expanded from        80000  to       160000  records
 table expanded from       160000  to       320000  records
 load_animals time    3.646614      seconds
 read       133217  pedigree records
 loaded        98705  parent(s) in round            0

 Pedigree checks
compute_inbreeding time, start    Wall time: 03-26-2024  11h 51m 17s 768

 Computations for inbreeding coefficients
actual inbreeding computation, start    Wall time: 03-26-2024  11h 51m 17s 807
actual inbreeding computation, done     Wall time: 03-26-2024  11h 51m 18s 037
 Tiny negative value will be replaced with 0 considered as numerical error.
 Wrote inbreeding file "renf90.inb" with original id

 Inbreeding statistics:
 the maximum inbreeding coefficient    =  0.5648
 average inbreeding for inbred animals =  0.0713   n = 96778
                       for all animals =  0.0518   n = 133217
compute_inbreeding time, done     Wall time: 03-26-2024  11h 51m 18s 583
 loop writing renadd, time   0.6747351      seconds
 
 Number of animals with records                  =        34512
 Number of animals with genotypes                =         1972
 Number of animals with records or genotypes     =        34512
 Number of animals with genotypes and no records =            0
 Number of parents without records or genotypes  =        98705
 Total number of animals                         =       133217
renumber_animal, end      Wall time: 03-26-2024  11h 51m 19s 274

 Wrote cross reference IDs for SNP file "../genoEPP_2.txt_XrefID"
 write_SNP_Xref done in   5.6955814E-02  seconds
 write_map done in   2.8610229E-06  seconds

 Wrote parameter file "renf90.par"
 write renf90.par done in   4.6205521E-04  seconds
 writing renf90.dat
% records written:       4.9983%, records written:       1725 timing           0.03820801
% records written:       9.9965%, records written:       3450 timing           0.07651091
% records written:      14.9948%, records written:       5175 timing           0.11473465
% records written:      19.9930%, records written:       6900 timing           0.15286779
% records written:      24.9913%, records written:       8625 timing           0.19099474
% records written:      29.9896%, records written:      10350 timing           0.22816563
% records written:      34.9878%, records written:      12075 timing           0.26671886
% records written:      39.9861%, records written:      13800 timing           0.30505085
% records written:      44.9844%, records written:      15525 timing           0.34347391
% records written:      49.9826%, records written:      17250 timing           0.38196993
% records written:      54.9809%, records written:      18975 timing           0.42028475
% records written:      59.9791%, records written:      20700 timing           0.45806074
% records written:      64.9774%, records written:      22425 timing           0.49499655
% records written:      69.9757%, records written:      24150 timing           0.53211069
% records written:      74.9739%, records written:      25875 timing           0.57064056
% records written:      79.9722%, records written:      27600 timing           0.60901976
% records written:      84.9704%, records written:      29325 timing           0.64759588
% records written:      89.9687%, records written:      31050 timing           0.68624210
% records written:      94.9670%, records written:      32775 timing           0.72470474
% records written:      99.9652%, records written:      34500 timing           0.76319504
 Wrote renumbered data "renf90.dat" 34512 records
 write renf90.dat done in   0.7634897      seconds
 Wrote field information "renf90.fields" for 6 fields in data
 save_renum_table done in   2.1934509E-04  seconds
* END  job     Wall time: 03-26-2024  11h 51m 20s 148
 name of parameter file?
renf90.par
     preGSf90 ver. 1.25

 Parameter file:             renf90.par
 Data file:                  renf90.dat
 Number of Traits             1
 Number of Effects            5
 Position of Observations      1
 Position of Weights           0
 Value of Missing Trait/Observation           0

EFFECTS
 #  type                position (2)        levels   [positions for nested]
    1  cross-classified       2      6184
    2  cross-classified       3      2346
    3  cross-classified       4         2
    4  cross-classified       5         5
    5  cross-classified       6    133217

 Residual (co)variance Matrix
  1.0000    

 Random Effect(s)    2
 Type of Random Effect:      diagonal
 trait   effect    (CO)VARIANCES
  1       2     1.000    

 Random Effect(s)    5
 Type of Random Effect:      additive animal with unknown parent groups and inbreeding
 Pedigree File:              renadd05.ped                                                                                                                                                                                                                                              
 trait   effect    (CO)VARIANCES
  1       5     1.000    

 REMARKS
  (1) Weight position 0 means no weights utilized
  (2) Effect positions of 0 for some effects and traits means that such
      effects are missing for specified traits
 
 

 Options read from parameter file for genomic
 * SNP format: BLUPF90 standard (text)
 * SNP file: ../genoEPP_2.txt
 * SNP Xref file: ../genoEPP_2.txt_XrefID
 * NOT CreateGInverse (default=.false.)
 * NOT CreateA22Inverse (default=.false.)
 * NOT CreateGimA22i (default=.false.)
 * Save Clean SNP data to (SNP_file)_clean file (default .false.)
 * Exclude Samples (default .false.): 1960
 
 *--------------------------------------------------------------*
 *                 Genomic Library: Dist Version 1.313          *
 *                                                              *
 *             Optimized OpenMP Version -   4 threads            *
 *                                                              *
 *  Modified relationship matrix (H) created for effect:   5    *
 *--------------------------------------------------------------*
 
 Read 133217 animals from pedigree file: "renadd05.ped"
 Number of Genotyped Animals: 1972

 Creating A22 
    Extracting subset of: 6917 pedigrees from: 133217 elapsed time:     0.0022
    Calculating A22 Matrix by Colleau OpenMP...elapsed time: .1047
    Numbers of threads=4 4

 Reading SNP file
    Column position in file for the first marker: 11
    Format to read SNP file: (10x,400000i1)                                    
    Number of SNPs: 43421
    Format: integer genotypes (0 to 5) to double-precision array
    Number of Genotyped animals: 1972
    Reading SNP file elapsed time: 4.07
 
 Statistics of alleles frequencies in the current population
    N:          43421
    Mean:       0.255
    Min:        0.002
    Max:        0.535
    Var:        0.021
 
 Quality Control - SNPs with Call Rate < callrate ( 0.90) will removed: 0
 
 Quality Control - SNPs with MAF < minfreq ( 0.05) will removed: 4482
 
 Quality Control - Monomorphic SNPs will be removed: 0

 Excluded samples from analysis: 1

 Quality Control - Removed Animals with Call rate < callrate ( 0.90): 0

 Quality Control - Check Parent-Progeny Mendelian conflicts

    Total animals: 133217 - Genotyped animals: 1972 - Effective: 1971

    Number of pairs Individual - Sire: 422
    Number of pairs Individual - Dam: 0
    Number of trios Individual - Sire - Dam: 0

    No sex Chromosome information is available !!
    QC for parent-progeny conflicts, HWE or heritability of gene content, could eliminate SNPs in sex Chr
    Provide map information and sex Chr to perform QC using autosomes

 Checking SNPs for Mendelian conflicts

    Total number of effective SNP: 38939
    Total number of parent-progeny evaluations: 422
    Number of SNPs with Mendelian conflicts: 0

 Checking Animals for Mendelian conflicts

    Total number of effective SNP for checks on Animals: 38939

    Number of Parent-Progeny Mendelian Conflicts: 0

 Number of effective SNPs (after QC): 38939

 Number of effective Individuals (after QC): 1971
 
 Statistics of alleles frequencies in the current population after
 Quality Control (MAF, monomorphic, call rate, HWE, Mendelian conflicts)
    N:          38939
    Mean:       0.281
    Min:        0.050
    Max:        0.536
    Var:        0.017

 Number of Animals to be excluded from analysis: 1

    For calulations in the current analysis number
    of genotyped animals are the same but:

       Diagonals of G and A22 are set to 1
       Off-Diagonals of G and A22 are set to 0

 List of Animals removed in: "../genoEPP_2.txt_Animals_removed"

 List of SNPs removed in: "../genoEPP_2.txt_SNPs_removed"

 Clean genotype file was created: "../genoEPP_2.txt_clean"

 Cross reference ID file was created: "../genoEPP_2.txt_clean_XrefID"

 Genotypes missings (%): 10.322

 Genotypes missings after cleannig (%):  0.000

 Calculating G Matrix 
    Dgemm MKL #threads=     4    4 Elapsed omp_get_time:     4.7467
 
 Scale by Sum(2pq). Average:   14400.5676972545     

 Detecting samples with similar genotypes
    elapsed time=     0.1
 Tuning G prior to blending with A22
 name of parameter file?
renf90.par
     BLUPF90+ ver. 2.51

 Parameter file:             renf90.par
 Data file:                  renf90.dat
 Number of Traits             1
 Number of Effects            5
 Position of Observations      1
 Position of Weights           0
 Value of Missing Trait/Observation           0

EFFECTS
 #  type                position (2)        levels   [positions for nested]
    1  cross-classified       2      6184
    2  cross-classified       3      2346
    3  cross-classified       4         2
    4  cross-classified       5         5
    5  cross-classified       6    133217

 Residual (co)variance Matrix
  1.0000    

 Random Effect(s)    2
 Type of Random Effect:      diagonal
 trait   effect    (CO)VARIANCES
  1       2     1.000    

 Random Effect(s)    5
 Type of Random Effect:      additive animal with unknown parent groups and inbreeding
 Pedigree File:              renadd05.ped                                                                                                                                                                                                                                              
 trait   effect    (CO)VARIANCES
  1       5     1.000    

 REMARKS
  (1) Weight position 0 means no weights utilized
  (2) Effect positions of 0 for some effects and traits means that such
      effects are missing for specified traits
 

 * The limited number of OpenMP threads = 4

 * BLUPF90+ sparse operations version
 
 * START JOB (BLUPF90): 03-26-2024  11h 51m 43s 438
 
 *** Statistical method from OPTION VCE                 
 * store solutions and s.e. *** se                  
 * accuracy type   1.00000000000000     
 * store accuracy in file: "acc_bf90"            5
 

 Options read from parameter file for genomic
 * SNP format: BLUPF90 standard (text)
 * SNP file: ../genoEPP_2.txt_clean
 * SNP Xref file: ../genoEPP_2.txt_clean_XrefID
 * No Quality Control Checks !!!!! (default .false.):  T
 * Verify parent-progeny (default 3): 3
 IJA4 version
 Data record length =            6
 # free parameters=           3
 # parameters=           3
 # random effects=           2
 # elements for random effects=           2
 # maximum (ntrait*random)**2=           1
 # (co)variance matrices=           2
hash matrix increased from            8192 to           16384 % filled:     0.8000
hash matrix increased from           16384 to           32768 % filled:     0.8000
hash matrix increased from           32768 to           65536 % filled:     0.8000
hash matrix increased from           65536 to          131072 % filled:     0.8000
hash matrix increased from          131072 to          262144 % filled:     0.8000
hash matrix increased from          262144 to          524288 % filled:     0.8000

Read 34512 records in 4.76 s,  219828 nonzeroes

hash matrix increased from            8192 to           16384 % filled:     0.8000
hash matrix increased from           16384 to           32768 % filled:     0.8000
hash matrix increased from           32768 to           65536 % filled:     0.8000
hash matrix increased from           65536 to          131072 % filled:     0.8000
hash matrix increased from          131072 to          262144 % filled:     0.8000
hash matrix increased from          262144 to          524288 % filled:     0.8000
hash matrix increased from          524288 to         1048576 % filled:     0.8000
hash matrix increased from          524288 to         1048576 % filled:     0.8000

Read 133217 additive pedigrees
 
 *--------------------------------------------------------------*
 *                 Genomic Library: Dist Version 1.313          *
 *                                                              *
 *             Optimized OpenMP Version -   4 threads            *
 *                                                              *
 *  Modified relationship matrix (H) created for effect:   5    *
 *--------------------------------------------------------------*
 
 Read 133217 animals from pedigree file: "renadd05.ped"
 Number of Genotyped Animals: 1971

 Creating A22 
    Extracting subset of: 6913 pedigrees from: 133217 elapsed time:     0.0014
    Calculating A22 Matrix by Colleau OpenMP...elapsed time: .0826
    Numbers of threads=4 4

 Reading SNP file
    Column position in file for the first marker: 11
    Format to read SNP file: (10x,400000i1)                                    
    Number of SNPs: 38939
    Format: integer genotypes (0 to 5) to double-precision array
    Number of Genotyped animals: 1971
    Reading SNP file elapsed time: 3.47
 
 Statistics of alleles frequencies in the current population
    N:          38939
    Mean:       0.281
    Min:        0.050
    Max:        0.536
    Var:        0.017
 
 

 Genotypes missings (%):  0.000

 Calculating G Matrix 
    Dgemm MKL #threads=     4    4 Elapsed omp_get_time:     3.9335
 
 Scale by Sum(2pq). Average:   14400.6116699500     

 Detecting samples with similar genotypes
    elapsed time=     0.0
 Tuning G prior to blending with A22
/home/leonardo/Escritorio/Doc_p1/eva_genetica/Codigo
 RENUMF90 version 1.162 with zlib
* START job     Wall time: 03-26-2024  11h 51m 58s 914
 name of parameter file? renum.par
 datafile:EPP.txt
 traits:           2
 number of weights=            1
 in columns:            0 (0 means no weight)
 R
   1.000    

 Processing effect  1 of type cross     
 item_kind=alpha     

 Processing effect  2 of type cross     
 item_kind=alpha     
 Reading (CO)VARIANCES:           1 x           1

 Processing effect  3 of type cross     
 item_kind=alpha     

 Processing effect  4 of type cross     
 item_kind=alpha     

 Processing effect  5 of type cross     
 item_kind=alpha     
 pedigree file name  "../../../../Pedigri.txt"
 positions of animal, sire, dam, alternate dam, yob, and group     1     2     3     0     0     0     0
 SNP file name  "../genoEPP_2.txt"
 all pedigrees to be included
 Inbreeding coefficients internally calculated with Meuwissen & Luo
 Reading (CO)VARIANCES:           1 x           1

 Maximum size of character fields: 20

 Maximum size of record (max_string_readline): 8000

 Maximum number of fields for input file (max_field_readline): 100

 Pedigree search method (ped_search): convention

 Order of pedigree animals (animal_order): default

 Order of UPG (upg_order): default

 Missing observation code (missing): 0

 Remove the data lines that have missing observations for all traits

  guessed number of lines        34512

 Using prime hash function
 hash tables for effects set up
 first 3 lines of the data file (up to 700 characters)
    1B-10008 972 1024 1B-10007 2 1
    1B-10009 957 1024 1B-10007 1 1
    1B-10015 1077 1025 1B-10007 1 2
% records read:       4.9983%, records read:       1725 timing           0.02300800
% records read:       9.9965%, records read:       3450 timing           0.04566999
% records read:      14.9948%, records read:       5175 timing           0.06798001
% records read:      19.9930%, records read:       6900 timing           0.09045900
 table expanded from        10000  to        20000  records
% records read:      24.9913%, records read:       8625 timing           0.19226800
% records read:      29.9896%, records read:      10350 timing           0.21417598
% records read:      34.9878%, records read:      12075 timing           0.23664500
% records read:      39.9861%, records read:      13800 timing           0.25879997
 table expanded from        20000  to        40000  records
% records read:      44.9844%, records read:      15525 timing           0.43706399
% records read:      49.9826%, records read:      17250 timing           0.45927298
% records read:      54.9809%, records read:      18975 timing           0.48168796
% records read:      59.9791%, records read:      20700 timing           0.50352401
% records read:      64.9774%, records read:      22425 timing           0.52584398
% records read:      69.9757%, records read:      24150 timing           0.54786998
% records read:      74.9739%, records read:      25875 timing           0.56993997
% records read:      79.9722%, records read:      27600 timing           0.59269398
 table expanded from        40000  to        80000  records
% records read:      84.9704%, records read:      29325 timing           0.93397903
% records read:      89.9687%, records read:      31050 timing           0.95628202
% records read:      94.9670%, records read:      32775 timing           0.97879994
 read        34323  records in   0.9986269      seconds

 *** Notice ***
     There are 189 lines with all-missing-observations lines, and
     the above number of records (34323) does not include such data.
     The all-missing records will be removed from renf90.dat.
     
 ------------------------------
Processing effect group    1
 table with         6175  elements sorted
 added count
 Effect group            1  of column            1  with         6175  levels
 table expanded from        10000  to        10000  records
 Effect group            1  done in   9.7244024E-02  seconds
 ------------------------------
Processing effect group    2
 table with         2339  elements sorted
 added count
 Effect group            2  of column            1  with         2339  levels
 table expanded from        10000  to        10000  records
 Effect group            2  done in   6.3057899E-02  seconds
 ------------------------------
Processing effect group    3
 table with            2  elements sorted
 added count
 Effect group            3  of column            1  with            2  levels
 table expanded from        10000  to        10000  records
 Effect group            3  done in   4.1414022E-02  seconds
 ------------------------------
Processing effect group    4
 table with            5  elements sorted
 added count
 Effect group            4  of column            1  with            5  levels
 table expanded from        10000  to        10000  records
 Effect group            4  done in   4.1530013E-02  seconds
 ------------------------------
Processing effect group    5
 added count
 Effect group            5  of column            1  with        34323  levels
 Effect group            5  done in   2.7890205E-03  seconds
 wrote statistics in file "renf90.tables"
 reading data file for basic statistics
% records read:       4.9983%, records read:       1725 timing           0.01849198
% records read:       9.9965%, records read:       3450 timing           0.03661191
% records read:      14.9948%, records read:       5175 timing           0.05470395
% records read:      19.9930%, records read:       6900 timing           0.07280600
% records read:      24.9913%, records read:       8625 timing           0.09097600
% records read:      29.9896%, records read:      10350 timing           0.10907495
% records read:      34.9878%, records read:      12075 timing           0.12752795
% records read:      39.9861%, records read:      13800 timing           0.14579892
% records read:      44.9844%, records read:      15525 timing           0.16385698
% records read:      49.9826%, records read:      17250 timing           0.18188691
% records read:      54.9809%, records read:      18975 timing           0.19980299
% records read:      59.9791%, records read:      20700 timing           0.21811700
% records read:      64.9774%, records read:      22425 timing           0.23648798
% records read:      69.9757%, records read:      24150 timing           0.25479591
% records read:      74.9739%, records read:      25875 timing           0.27294195
% records read:      79.9722%, records read:      27600 timing           0.29102290
% records read:      84.9704%, records read:      29325 timing           0.30929899
% records read:      89.9687%, records read:      31050 timing           0.32739198
% records read:      94.9670%, records read:      32775 timing           0.34548700
% records read:      99.9652%, records read:      34500 timing           0.36376500

 Basic statistics for input data  (missing value code is '0')
 Pos  Min         Max         Mean        SD                 N
   2    610.00      1281.0      973.44      150.80       34323

 *** Warning ***
     There are 189 lines with all-missing-observations lines.
     Such data will be removed from the final output.
 basic_statistics done in   0.3639419      seconds

 random effect with SNPs  5
 type: animal    
 file: ../genoEPP_2.txt
 form: plain text
 read SNPs        1972  records
 Effect group            5  of column            1  with        34512  levels
 add_snp done in   4.5961022E-02  seconds
 reorder_animal done in   3.9339066E-06  seconds

 random effect   2
 type:diag      

 random effect   5
 type:animal    
renumber_animal, start    Wall time: 03-26-2024  11h 52m 00s 824
 opened output pedigree file "renadd05.ped"
 table expanded from        80000  to       160000  records
 table expanded from       160000  to       320000  records
 load_animals time    3.550301      seconds
 read       133217  pedigree records
 loaded        98705  parent(s) in round            0

 Pedigree checks
compute_inbreeding time, start    Wall time: 03-26-2024  11h 52m 04s 456

 Computations for inbreeding coefficients
actual inbreeding computation, start    Wall time: 03-26-2024  11h 52m 04s 495
actual inbreeding computation, done     Wall time: 03-26-2024  11h 52m 04s 729
 Tiny negative value will be replaced with 0 considered as numerical error.
 Wrote inbreeding file "renf90.inb" with original id

 Inbreeding statistics:
 the maximum inbreeding coefficient    =  0.5648
 average inbreeding for inbred animals =  0.0713   n = 96778
                       for all animals =  0.0518   n = 133217
compute_inbreeding time, done     Wall time: 03-26-2024  11h 52m 05s 279
 loop writing renadd, time   0.6742496      seconds
 
 Number of animals with records                  =        34323
 Number of animals with genotypes                =         1972
 Number of animals with records or genotypes     =        34512
 Number of animals with genotypes and no records =          189
 Number of parents without records or genotypes  =        98705
 Total number of animals                         =       133217
renumber_animal, end      Wall time: 03-26-2024  11h 52m 05s 966

 Wrote cross reference IDs for SNP file "../genoEPP_2.txt_XrefID"
 write_SNP_Xref done in   5.6311131E-02  seconds
 write_map done in   3.3378601E-06  seconds

 Wrote parameter file "renf90.par"
 write renf90.par done in   4.3392181E-04  seconds
 writing renf90.dat
% records written:       4.9983%, records written:       1725 timing           0.03797388
% records written:       9.9965%, records written:       3450 timing           0.07580280
% records written:      14.9948%, records written:       5175 timing           0.11334562
% records written:      19.9930%, records written:       6900 timing           0.15092182
% records written:      24.9913%, records written:       8625 timing           0.18900681
% records written:      29.9896%, records written:      10350 timing           0.22660780
% records written:      34.9878%, records written:      12075 timing           0.26385260
% records written:      39.9861%, records written:      13800 timing           0.30129576
% records written:      44.9844%, records written:      15525 timing           0.33863688
% records written:      49.9826%, records written:      17250 timing           0.37611961
% records written:      54.9809%, records written:      18975 timing           0.41351271
% records written:      59.9791%, records written:      20700 timing           0.45092297
% records written:      64.9774%, records written:      22425 timing           0.48858261
% records written:      69.9757%, records written:      24150 timing           0.52606297
% records written:      74.9739%, records written:      25875 timing           0.56343794
% records written:      79.9722%, records written:      27600 timing           0.60073471
% records written:      84.9704%, records written:      29325 timing           0.63808060
% records written:      89.9687%, records written:      31050 timing           0.67632580
% records written:      94.9670%, records written:      32775 timing           0.71368265
 Wrote renumbered data "renf90.dat" 34323 records
 write renf90.dat done in   0.7469640      seconds
 All-observation-missing data detected: 189 records
 The renumbered file "renf90.dat" does not have such data.
 Wrote field information "renf90.fields" for 6 fields in data
 save_renum_table done in   1.9598007E-04  seconds
* END  job     Wall time: 03-26-2024  11h 52m 06s 801
 name of parameter file?
renf90.par
     preGSf90 ver. 1.25

 Parameter file:             renf90.par
 Data file:                  renf90.dat
 Number of Traits             1
 Number of Effects            5
 Position of Observations      1
 Position of Weights           0
 Value of Missing Trait/Observation           0

EFFECTS
 #  type                position (2)        levels   [positions for nested]
    1  cross-classified       2      6175
    2  cross-classified       3      2339
    3  cross-classified       4         2
    4  cross-classified       5         5
    5  cross-classified       6    133217

 Residual (co)variance Matrix
  1.0000    

 Random Effect(s)    2
 Type of Random Effect:      diagonal
 trait   effect    (CO)VARIANCES
  1       2     1.000    

 Random Effect(s)    5
 Type of Random Effect:      additive animal with unknown parent groups and inbreeding
 Pedigree File:              renadd05.ped                                                                                                                                                                                                                                              
 trait   effect    (CO)VARIANCES
  1       5     1.000    

 REMARKS
  (1) Weight position 0 means no weights utilized
  (2) Effect positions of 0 for some effects and traits means that such
      effects are missing for specified traits
 
 

 Options read from parameter file for genomic
 * SNP format: BLUPF90 standard (text)
 * SNP file: ../genoEPP_2.txt
 * SNP Xref file: ../genoEPP_2.txt_XrefID
 * NOT CreateGInverse (default=.false.)
 * NOT CreateA22Inverse (default=.false.)
 * NOT CreateGimA22i (default=.false.)
 * Save Clean SNP data to (SNP_file)_clean file (default .false.)
 
 *--------------------------------------------------------------*
 *                 Genomic Library: Dist Version 1.313          *
 *                                                              *
 *             Optimized OpenMP Version -   4 threads            *
 *                                                              *
 *  Modified relationship matrix (H) created for effect:   5    *
 *--------------------------------------------------------------*
 
 Read 133217 animals from pedigree file: "renadd05.ped"
 Number of Genotyped Animals: 1972

 Creating A22 
    Extracting subset of: 6917 pedigrees from: 133217 elapsed time:     0.0014
    Calculating A22 Matrix by Colleau OpenMP...elapsed time: .0785
    Numbers of threads=4 4

 Reading SNP file
    Column position in file for the first marker: 11
    Format to read SNP file: (10x,400000i1)                                    
    Number of SNPs: 43421
    Format: integer genotypes (0 to 5) to double-precision array
    Number of Genotyped animals: 1972
    Reading SNP file elapsed time: 3.93
 
 Statistics of alleles frequencies in the current population
    N:          43421
    Mean:       0.255
    Min:        0.002
    Max:        0.535
    Var:        0.021
 
 Quality Control - SNPs with Call Rate < callrate ( 0.90) will removed: 0
 
 Quality Control - SNPs with MAF < minfreq ( 0.05) will removed: 4482
 
 Quality Control - Monomorphic SNPs will be removed: 0

 Quality Control - Removed Animals with Call rate < callrate ( 0.90): 0

 Quality Control - Check Parent-Progeny Mendelian conflicts

    Total animals: 133217 - Genotyped animals: 1972 - Effective: 1972

    Number of pairs Individual - Sire: 422
    Number of pairs Individual - Dam: 0
    Number of trios Individual - Sire - Dam: 0

    No sex Chromosome information is available !!
    QC for parent-progeny conflicts, HWE or heritability of gene content, could eliminate SNPs in sex Chr
    Provide map information and sex Chr to perform QC using autosomes

 Checking SNPs for Mendelian conflicts

    Total number of effective SNP: 38939
    Total number of parent-progeny evaluations: 422
    Number of SNPs with Mendelian conflicts: 0

 Checking Animals for Mendelian conflicts

    Total number of effective SNP for checks on Animals: 38939

    Number of Parent-Progeny Mendelian Conflicts: 0

 Number of effective SNPs (after QC): 38939

 Number of effective Individuals (after QC): 1972
 
 Statistics of alleles frequencies in the current population after
 Quality Control (MAF, monomorphic, call rate, HWE, Mendelian conflicts)
    N:          38939
    Mean:       0.281
    Min:        0.050
    Max:        0.535
    Var:        0.017

 List of SNPs removed in: "../genoEPP_2.txt_SNPs_removed"

 Clean genotype file was created: "../genoEPP_2.txt_clean"

 Cross reference ID file was created: "../genoEPP_2.txt_clean_XrefID"

 Genotypes missings (%): 10.322

 Genotypes missings after cleannig (%):  0.000

 Calculating G Matrix 
    Dgemm MKL #threads=     4    4 Elapsed omp_get_time:     4.3856
 
 Scale by Sum(2pq). Average:   14400.5676972545     

 Detecting samples with similar genotypes
    elapsed time=     0.1

 *****************************************
 *  Possible genotype duplicates samples *
 *****************************************

    i-j number of sample , i-j renumber Id, G(i,j), G(i,i), G(j,j), r(i,j) 
        1960     749   25379    4554  0.8933  0.9611  0.9243  0.9478
    elapsed time=     0.0
 Tuning G prior to blending with A22
 name of parameter file?
renf90.par
     BLUPF90+ ver. 2.51

 Parameter file:             renf90.par
 Data file:                  renf90.dat
 Number of Traits             1
 Number of Effects            5
 Position of Observations      1
 Position of Weights           0
 Value of Missing Trait/Observation           0

EFFECTS
 #  type                position (2)        levels   [positions for nested]
    1  cross-classified       2      6175
    2  cross-classified       3      2339
    3  cross-classified       4         2
    4  cross-classified       5         5
    5  cross-classified       6    133217

 Residual (co)variance Matrix
  1.0000    

 Random Effect(s)    2
 Type of Random Effect:      diagonal
 trait   effect    (CO)VARIANCES
  1       2     1.000    

 Random Effect(s)    5
 Type of Random Effect:      additive animal with unknown parent groups and inbreeding
 Pedigree File:              renadd05.ped                                                                                                                                                                                                                                              
 trait   effect    (CO)VARIANCES
  1       5     1.000    

 REMARKS
  (1) Weight position 0 means no weights utilized
  (2) Effect positions of 0 for some effects and traits means that such
      effects are missing for specified traits
 

 * The limited number of OpenMP threads = 4

 * BLUPF90+ sparse operations version
 
 * START JOB (BLUPF90): 03-26-2024  11h 52m 28s 556
 
 *** Statistical method from OPTION VCE                 
 * store solutions and s.e. *** se                  
 * accuracy type   1.00000000000000     
 * store accuracy in file: "acc_bf90"            5
 

 Options read from parameter file for genomic
 * SNP format: BLUPF90 standard (text)
 * SNP file: ../genoEPP_2.txt_clean
 * SNP Xref file: ../genoEPP_2.txt_clean_XrefID
 * No Quality Control Checks !!!!! (default .false.):  T
 * Exclude Samples (default .false.): 1960
 * Verify parent-progeny (default 3): 3
 IJA4 version
 Data record length =            6
 # free parameters=           3
 # parameters=           3
 # random effects=           2
 # elements for random effects=           2
 # maximum (ntrait*random)**2=           1
 # (co)variance matrices=           2
hash matrix increased from            8192 to           16384 % filled:     0.8000
hash matrix increased from           16384 to           32768 % filled:     0.8000
hash matrix increased from           32768 to           65536 % filled:     0.8000
hash matrix increased from           65536 to          131072 % filled:     0.8000
hash matrix increased from          131072 to          262144 % filled:     0.8000
hash matrix increased from          262144 to          524288 % filled:     0.8000

Read 34323 records in 5.39 s,  218733 nonzeroes

hash matrix increased from            8192 to           16384 % filled:     0.8000
hash matrix increased from           16384 to           32768 % filled:     0.8000
hash matrix increased from           32768 to           65536 % filled:     0.8000
hash matrix increased from           65536 to          131072 % filled:     0.8000
hash matrix increased from          131072 to          262144 % filled:     0.8000
hash matrix increased from          262144 to          524288 % filled:     0.8000
hash matrix increased from          524288 to         1048576 % filled:     0.8000
hash matrix increased from          524288 to         1048576 % filled:     0.8000

Read 133217 additive pedigrees
 
 *--------------------------------------------------------------*
 *                 Genomic Library: Dist Version 1.313          *
 *                                                              *
 *             Optimized OpenMP Version -   4 threads            *
 *                                                              *
 *  Modified relationship matrix (H) created for effect:   5    *
 *--------------------------------------------------------------*
 
 Read 133217 animals from pedigree file: "renadd05.ped"
 Number of Genotyped Animals: 1972

 Creating A22 
    Extracting subset of: 6917 pedigrees from: 133217 elapsed time:     0.0056
    Calculating A22 Matrix by Colleau OpenMP...elapsed time: .1039
    Numbers of threads=4 4

 Reading SNP file
    Column position in file for the first marker: 11
    Format to read SNP file: (10x,400000i1)                                    
    Number of SNPs: 38939
    Format: integer genotypes (0 to 5) to double-precision array
    Number of Genotyped animals: 1972
    Reading SNP file elapsed time: 3.80
 
 Statistics of alleles frequencies in the current population
    N:          38939
    Mean:       0.281
    Min:        0.050
    Max:        0.535
    Var:        0.017
 
 

 Excluded samples from analysis: 1

 Genotypes missings (%):  0.000

 Calculating G Matrix 
    Dgemm MKL #threads=     4    4 Elapsed omp_get_time:     3.9568
 
 Scale by Sum(2pq). Average:   14400.5676972545     

 Detecting samples with similar genotypes
    elapsed time=     0.1
 Tuning G prior to blending with A22
/home/leonardo/Escritorio/Doc_p1/eva_genetica/Codigo
 RENUMF90 version 1.162 with zlib
* START job     Wall time: 03-26-2024  12h 01m 24s 389
 name of parameter file? renum.par
 datafile:IEP.txt
 traits:           2
 number of weights=            1
 in columns:            0 (0 means no weight)
 R
   1.000    

 Processing effect  1 of type cross     
 item_kind=alpha     

 Processing effect  2 of type cross     
 item_kind=alpha     

 Processing effect  3 of type cross     
 item_kind=alpha     
 Reading (CO)VARIANCES:           1 x           1

 Processing effect  4 of type cross     
 item_kind=alpha     

 Processing effect  5 of type cross     
 item_kind=alpha     

 Processing effect  6 of type cross     
 item_kind=alpha     

 Processing effect  7 of type cross     
 item_kind=alpha     
 pedigree file name  "../../../../Pedigri.txt"
 positions of animal, sire, dam, alternate dam, yob, and group     1     2     3     0     0     0     0
 SNP file name  "../genoIEP_2.txt"
 all pedigrees to be included
 Inbreeding coefficients internally calculated with Meuwissen & Luo
 Reading (CO)VARIANCES:           1 x           1

 Maximum size of character fields: 20

 Maximum size of record (max_string_readline): 8000

 Maximum number of fields for input file (max_field_readline): 100

 Pedigree search method (ped_search): convention

 Order of pedigree animals (animal_order): default

 Order of UPG (upg_order): default

 Missing observation code (missing): 0

 Remove the data lines that have missing observations for all traits

  guessed number of lines        16726

 Using prime hash function
 hash tables for effects set up
 first 3 lines of the data file (up to 700 characters)
    1B-10016 383 2 554 GF-11013 2 1 1121
    1B-10018 577 2 554 GF-11013 2 2 1121
    1B-10021 385 2 554 GF-11013 2 1 1121
% records read:       5.9787%, records read:       1000 timing           0.01790002
% records read:      11.9574%, records read:       2000 timing           0.03574902
% records read:      17.9361%, records read:       3000 timing           0.05308601
% records read:      23.9149%, records read:       4000 timing           0.06845102
% records read:      29.8936%, records read:       5000 timing           0.08262500
% records read:      35.8723%, records read:       6000 timing           0.09684101
% records read:      41.8510%, records read:       7000 timing           0.11102200
 table expanded from        10000  to        20000  records
% records read:      47.8297%, records read:       8000 timing           0.20396701
% records read:      53.8084%, records read:       9000 timing           0.21788102
% records read:      59.7872%, records read:      10000 timing           0.23231304
% records read:      65.7659%, records read:      11000 timing           0.24634403
% records read:      71.7446%, records read:      12000 timing           0.26044601
% records read:      77.7233%, records read:      13000 timing           0.27450198
% records read:      83.7020%, records read:      14000 timing           0.28847003
 table expanded from        20000  to        40000  records
% records read:      89.6807%, records read:      15000 timing           0.45977801
% records read:      95.6595%, records read:      16000 timing           0.47391903
 read        16726  records in   0.4842030      seconds
 ------------------------------
Processing effect group    1
 table with            3  elements sorted
 added count
 Effect group            1  of column            1  with            3  levels
 table expanded from        10000  to        10000  records
 Effect group            1  done in   4.1374028E-02  seconds
 ------------------------------
Processing effect group    2
 table with         3183  elements sorted
 added count
 Effect group            2  of column            1  with         3183  levels
 table expanded from        10000  to        10000  records
 Effect group            2  done in   7.1080983E-02  seconds
 ------------------------------
Processing effect group    3
 table with         1910  elements sorted
 added count
 Effect group            3  of column            1  with         1910  levels
 table expanded from        10000  to        10000  records
 Effect group            3  done in   6.0247958E-02  seconds
 ------------------------------
Processing effect group    4
 table with            2  elements sorted
 added count
 Effect group            4  of column            1  with            2  levels
 table expanded from        10000  to        10000  records
 Effect group            4  done in   4.2057991E-02  seconds
 ------------------------------
Processing effect group    5
 table with            5  elements sorted
 added count
 Effect group            5  of column            1  with            5  levels
 table expanded from        10000  to        10000  records
 Effect group            5  done in   4.2391002E-02  seconds
 ------------------------------
Processing effect group    6
 table with            3  elements sorted
 added count
 Effect group            6  of column            1  with            3  levels
 table expanded from        10000  to        10000  records
 Effect group            6  done in   4.2639017E-02  seconds
 ------------------------------
Processing effect group    7
 added count
 Effect group            7  of column            1  with        16726  levels
 Effect group            7  done in   1.4619827E-03  seconds
 wrote statistics in file "renf90.tables"
 reading data file for basic statistics
% records read:       5.9787%, records read:       1000 timing           0.01211905
% records read:      11.9574%, records read:       2000 timing           0.02410507
% records read:      17.9361%, records read:       3000 timing           0.03634000
% records read:      23.9149%, records read:       4000 timing           0.04844904
% records read:      29.8936%, records read:       5000 timing           0.06038606
% records read:      35.8723%, records read:       6000 timing           0.07246208
% records read:      41.8510%, records read:       7000 timing           0.08459306
% records read:      47.8297%, records read:       8000 timing           0.09679306
% records read:      53.8084%, records read:       9000 timing           0.10886109
% records read:      59.7872%, records read:      10000 timing           0.12110007
% records read:      65.7659%, records read:      11000 timing           0.13354707
% records read:      71.7446%, records read:      12000 timing           0.14537907
% records read:      77.7233%, records read:      13000 timing           0.15694404
% records read:      83.7020%, records read:      14000 timing           0.16874409
% records read:      89.6807%, records read:      15000 timing           0.18044007
% records read:      95.6595%, records read:      16000 timing           0.19234502

 Basic statistics for input data  (missing value code is '0')
 Pos  Min         Max         Mean        SD                 N
   2    289.00      600.00      410.91      72.532       16726
 basic_statistics done in   0.2007531      seconds

 random effect with SNPs  7
 type: animal    
 file: ../genoIEP_2.txt
 form: plain text
 read SNPs        1333  records
 Effect group            7  of column            1  with        16726  levels
 add_snp done in   7.9228997E-02  seconds
 reorder_animal done in   6.0796738E-06  seconds

 random effect   3
 type:diag      

 random effect   7
 type:animal    
renumber_animal, start    Wall time: 03-26-2024  12h 01m 26s 313
 opened output pedigree file "renadd07.ped"
 table expanded from        40000  to        80000  records
 table expanded from        80000  to       160000  records
 table expanded from       160000  to       320000  records
 load_animals time    3.984576      seconds
 read       133217  pedigree records
 loaded       116491  parent(s) in round            0

 Pedigree checks
compute_inbreeding time, start    Wall time: 03-26-2024  12h 01m 30s 377

 Computations for inbreeding coefficients
actual inbreeding computation, start    Wall time: 03-26-2024  12h 01m 30s 417
actual inbreeding computation, done     Wall time: 03-26-2024  12h 01m 30s 648
 Tiny negative value will be replaced with 0 considered as numerical error.
 Wrote inbreeding file "renf90.inb" with original id

 Inbreeding statistics:
 the maximum inbreeding coefficient    =  0.5648
 average inbreeding for inbred animals =  0.0713   n = 96778
                       for all animals =  0.0518   n = 133217
compute_inbreeding time, done     Wall time: 03-26-2024  12h 01m 31s 235
 loop writing renadd, time   0.6898541      seconds
 
 Number of animals with records                  =        16726
 Number of animals with genotypes                =         1333
 Number of animals with records or genotypes     =        16726
 Number of animals with genotypes and no records =            0
 Number of parents without records or genotypes  =       116491
 Total number of animals                         =       133217
renumber_animal, end      Wall time: 03-26-2024  12h 01m 31s 946

 Wrote cross reference IDs for SNP file "../genoIEP_2.txt_XrefID"
 write_SNP_Xref done in   3.8204193E-02  seconds
 write_map done in   2.8610229E-06  seconds

 Wrote parameter file "renf90.par"
 write renf90.par done in   5.0258636E-04  seconds
 writing renf90.dat
% records written:       5.9787%, records written:       1000 timing           0.02440214
% records written:      11.9574%, records written:       2000 timing           0.04863214
% records written:      17.9361%, records written:       3000 timing           0.07296896
% records written:      23.9149%, records written:       4000 timing           0.09699202
% records written:      29.8936%, records written:       5000 timing           0.12123108
% records written:      35.8723%, records written:       6000 timing           0.14519596
% records written:      41.8510%, records written:       7000 timing           0.16941881
% records written:      47.8297%, records written:       8000 timing           0.19372702
% records written:      53.8084%, records written:       9000 timing           0.21753407
% records written:      59.7872%, records written:      10000 timing           0.24150801
% records written:      65.7659%, records written:      11000 timing           0.26542616
% records written:      71.7446%, records written:      12000 timing           0.28953791
% records written:      77.7233%, records written:      13000 timing           0.31345415
% records written:      83.7020%, records written:      14000 timing           0.33733416
% records written:      89.6807%, records written:      15000 timing           0.36114883
% records written:      95.6595%, records written:      16000 timing           0.38487291
 Wrote renumbered data "renf90.dat" 16726 records
 write renf90.dat done in   0.4021587      seconds
 Wrote field information "renf90.fields" for 8 fields in data
 save_renum_table done in   1.7976761E-04  seconds
* END  job     Wall time: 03-26-2024  12h 01m 32s 426
 name of parameter file?
renf90.par
     preGSf90 ver. 1.25

 Parameter file:             renf90.par
 Data file:                  renf90.dat
 Number of Traits             1
 Number of Effects            7
 Position of Observations      1
 Position of Weights           0
 Value of Missing Trait/Observation           0

EFFECTS
 #  type                position (2)        levels   [positions for nested]
    1  cross-classified       2         3
    2  cross-classified       3      3183
    3  cross-classified       4      1910
    4  cross-classified       5         2
    5  cross-classified       6         5
    6  cross-classified       7         3
    7  cross-classified       8    133217

 Residual (co)variance Matrix
  1.0000    

 Random Effect(s)    3
 Type of Random Effect:      diagonal
 trait   effect    (CO)VARIANCES
  1       3     1.000    

 Random Effect(s)    7
 Type of Random Effect:      additive animal with unknown parent groups and inbreeding
 Pedigree File:              renadd07.ped                                                                                                                                                                                                                                              
 trait   effect    (CO)VARIANCES
  1       7     1.000    

 REMARKS
  (1) Weight position 0 means no weights utilized
  (2) Effect positions of 0 for some effects and traits means that such
      effects are missing for specified traits
 
 

 Options read from parameter file for genomic
 * SNP format: BLUPF90 standard (text)
 * SNP file: ../genoIEP_2.txt
 * SNP Xref file: ../genoIEP_2.txt_XrefID
 * NOT CreateGInverse (default=.false.)
 * NOT CreateA22Inverse (default=.false.)
 * NOT CreateGimA22i (default=.false.)
 * Save Clean SNP data to (SNP_file)_clean file (default .false.)
 
 *--------------------------------------------------------------*
 *                 Genomic Library: Dist Version 1.313          *
 *                                                              *
 *             Optimized OpenMP Version -   4 threads            *
 *                                                              *
 *  Modified relationship matrix (H) created for effect:   7    *
 *--------------------------------------------------------------*
 
 Read 133217 animals from pedigree file: "renadd07.ped"
 Number of Genotyped Animals: 1333

 Creating A22 
    Extracting subset of: 5469 pedigrees from: 133217 elapsed time:     0.0012
    Calculating A22 Matrix by Colleau OpenMP...elapsed time: .0402
    Numbers of threads=4 4

 Reading SNP file
    Column position in file for the first marker: 11
    Format to read SNP file: (10x,400000i1)                                    
    Number of SNPs: 43421
    Format: integer genotypes (0 to 5) to double-precision array
    Number of Genotyped animals: 1333
    Reading SNP file elapsed time: 3.08
 
 Statistics of alleles frequencies in the current population
    N:          43421
    Mean:       0.255
    Min:        0.001
    Max:        0.545
    Var:        0.021
 
 Quality Control - SNPs with Call Rate < callrate ( 0.90) will removed: 0
 
 Quality Control - SNPs with MAF < minfreq ( 0.05) will removed: 4499
 
 Quality Control - Monomorphic SNPs will be removed: 0

 Quality Control - Removed Animals with Call rate < callrate ( 0.90): 0

 Quality Control - Check Parent-Progeny Mendelian conflicts

    Total animals: 133217 - Genotyped animals: 1333 - Effective: 1333

    Number of pairs Individual - Sire: 221
    Number of pairs Individual - Dam: 0
    Number of trios Individual - Sire - Dam: 0

    No sex Chromosome information is available !!
    QC for parent-progeny conflicts, HWE or heritability of gene content, could eliminate SNPs in sex Chr
    Provide map information and sex Chr to perform QC using autosomes

 Checking SNPs for Mendelian conflicts

    Total number of effective SNP: 38922
    Total number of parent-progeny evaluations: 221
    Number of SNPs with Mendelian conflicts: 0

 Checking Animals for Mendelian conflicts

    Total number of effective SNP for checks on Animals: 38922

    Number of Parent-Progeny Mendelian Conflicts: 0

 Number of effective SNPs (after QC): 38922

 Number of effective Individuals (after QC): 1333
 
 Statistics of alleles frequencies in the current population after
 Quality Control (MAF, monomorphic, call rate, HWE, Mendelian conflicts)
    N:          38922
    Mean:       0.281
    Min:        0.050
    Max:        0.545
    Var:        0.017

 List of SNPs removed in: "../genoIEP_2.txt_SNPs_removed"

 Clean genotype file was created: "../genoIEP_2.txt_clean"

 Cross reference ID file was created: "../genoIEP_2.txt_clean_XrefID"

 Genotypes missings (%): 10.361

 Genotypes missings after cleannig (%):  0.000

 Calculating G Matrix 
    Dgemm MKL #threads=     4    4 Elapsed omp_get_time:     2.3341
 
 Scale by Sum(2pq). Average:   14390.3792003891     

 Detecting samples with similar genotypes
    elapsed time=     0.0

 *****************************************
 *  Possible genotype duplicates samples *
 *****************************************

    i-j number of sample , i-j renumber Id, G(i,j), G(i,i), G(j,j), r(i,j) 
        1326     509    7958    4438  0.8921  0.9599  0.9230  0.9478
    elapsed time=     0.0
 Tuning G prior to blending with A22
/home/leonardo/Escritorio/Doc_p1/eva_genetica/Codigo
 RENUMF90 version 1.162 with zlib
* START job     Wall time: 03-26-2024  12h 01m 48s 229
 name of parameter file? renum.par
 datafile:IEP.txt
 traits:           2
 number of weights=            1
 in columns:            0 (0 means no weight)
 R
   1.000    

 Processing effect  1 of type cross     
 item_kind=alpha     

 Processing effect  2 of type cross     
 item_kind=alpha     

 Processing effect  3 of type cross     
 item_kind=alpha     
 Reading (CO)VARIANCES:           1 x           1

 Processing effect  4 of type cross     
 item_kind=alpha     

 Processing effect  5 of type cross     
 item_kind=alpha     

 Processing effect  6 of type cross     
 item_kind=alpha     

 Processing effect  7 of type cross     
 item_kind=alpha     
 pedigree file name  "../../../../Pedigri.txt"
 positions of animal, sire, dam, alternate dam, yob, and group     1     2     3     0     0     0     0
 SNP file name  "../genoIEP_2.txt"
 all pedigrees to be included
 Inbreeding coefficients internally calculated with Meuwissen & Luo
 Reading (CO)VARIANCES:           1 x           1

 Maximum size of character fields: 20

 Maximum size of record (max_string_readline): 8000

 Maximum number of fields for input file (max_field_readline): 100

 Pedigree search method (ped_search): convention

 Order of pedigree animals (animal_order): default

 Order of UPG (upg_order): default

 Missing observation code (missing): 0

 Remove the data lines that have missing observations for all traits

  guessed number of lines        16726

 Using prime hash function
 hash tables for effects set up
 first 3 lines of the data file (up to 700 characters)
    1B-10016 383 2 554 GF-11013 2 1 1121
    1B-10018 577 2 554 GF-11013 2 2 1121
    1B-10021 385 2 554 GF-11013 2 1 1121
% records read:       5.9787%, records read:       1000 timing           0.01497701
% records read:      11.9574%, records read:       2000 timing           0.03025302
% records read:      17.9361%, records read:       3000 timing           0.04498801
% records read:      23.9149%, records read:       4000 timing           0.05977303
% records read:      29.8936%, records read:       5000 timing           0.07442802
% records read:      35.8723%, records read:       6000 timing           0.08908901
% records read:      41.8510%, records read:       7000 timing           0.10332301
 table expanded from        10000  to        20000  records
% records read:      47.8297%, records read:       8000 timing           0.19846401
% records read:      53.8084%, records read:       9000 timing           0.21309802
% records read:      59.7872%, records read:      10000 timing           0.22786403
% records read:      65.7659%, records read:      11000 timing           0.24267903
% records read:      71.7446%, records read:      12000 timing           0.25766203
% records read:      77.7233%, records read:      13000 timing           0.27261701
% records read:      83.7020%, records read:      14000 timing           0.28764799
 table expanded from        20000  to        40000  records
% records read:      89.6807%, records read:      15000 timing           0.46131799
% records read:      95.6595%, records read:      16000 timing           0.47536603
 read        16595  records in   0.4838000      seconds

 *** Notice ***
     There are 131 lines with all-missing-observations lines, and
     the above number of records (16595) does not include such data.
     The all-missing records will be removed from renf90.dat.
     
 ------------------------------
Processing effect group    1
 table with            3  elements sorted
 added count
 Effect group            1  of column            1  with            3  levels
 table expanded from        10000  to        10000  records
 Effect group            1  done in   4.1194975E-02  seconds
 ------------------------------
Processing effect group    2
 table with         3175  elements sorted
 added count
 Effect group            2  of column            1  with         3175  levels
 table expanded from        10000  to        10000  records
 Effect group            2  done in   7.0312977E-02  seconds
 ------------------------------
Processing effect group    3
 table with         1901  elements sorted
 added count
 Effect group            3  of column            1  with         1901  levels
 table expanded from        10000  to        10000  records
 Effect group            3  done in   5.9432030E-02  seconds
 ------------------------------
Processing effect group    4
 table with            2  elements sorted
 added count
 Effect group            4  of column            1  with            2  levels
 table expanded from        10000  to        10000  records
 Effect group            4  done in   4.2659998E-02  seconds
 ------------------------------
Processing effect group    5
 table with            5  elements sorted
 added count
 Effect group            5  of column            1  with            5  levels
 table expanded from        10000  to        10000  records
 Effect group            5  done in   4.2605937E-02  seconds
 ------------------------------
Processing effect group    6
 table with            3  elements sorted
 added count
 Effect group            6  of column            1  with            3  levels
 table expanded from        10000  to        10000  records
 Effect group            6  done in   4.3066978E-02  seconds
 ------------------------------
Processing effect group    7
 added count
 Effect group            7  of column            1  with        16595  levels
 Effect group            7  done in   1.5109777E-03  seconds
 wrote statistics in file "renf90.tables"
 reading data file for basic statistics
% records read:       5.9787%, records read:       1000 timing           0.01208699
% records read:      11.9574%, records read:       2000 timing           0.02411008
% records read:      17.9361%, records read:       3000 timing           0.03612804
% records read:      23.9149%, records read:       4000 timing           0.04809201
% records read:      29.8936%, records read:       5000 timing           0.06000304
% records read:      35.8723%, records read:       6000 timing           0.07195604
% records read:      41.8510%, records read:       7000 timing           0.08376706
% records read:      47.8297%, records read:       8000 timing           0.09566104
% records read:      53.8084%, records read:       9000 timing           0.10744703
% records read:      59.7872%, records read:      10000 timing           0.11928701
% records read:      65.7659%, records read:      11000 timing           0.13100803
% records read:      71.7446%, records read:      12000 timing           0.14263201
% records read:      77.7233%, records read:      13000 timing           0.15452504
% records read:      83.7020%, records read:      14000 timing           0.16619599
% records read:      89.6807%, records read:      15000 timing           0.17778897
% records read:      95.6595%, records read:      16000 timing           0.18967497

 Basic statistics for input data  (missing value code is '0')
 Pos  Min         Max         Mean        SD                 N
   2    289.00      600.00      410.84      72.464       16595

 *** Warning ***
     There are 131 lines with all-missing-observations lines.
     Such data will be removed from the final output.
 basic_statistics done in   0.1983870      seconds

 random effect with SNPs  7
 type: animal    
 file: ../genoIEP_2.txt
 form: plain text
 read SNPs        1333  records
 Effect group            7  of column            1  with        16726  levels
 add_snp done in   3.1676054E-02  seconds
 reorder_animal done in   2.9802322E-06  seconds

 random effect   3
 type:diag      

 random effect   7
 type:animal    
renumber_animal, start    Wall time: 03-26-2024  12h 01m 49s 510
 opened output pedigree file "renadd07.ped"
 table expanded from        40000  to        80000  records
 table expanded from        80000  to       160000  records
 table expanded from       160000  to       320000  records
 load_animals time    3.925994      seconds
 read       133217  pedigree records
 loaded       116491  parent(s) in round            0

 Pedigree checks
compute_inbreeding time, start    Wall time: 03-26-2024  12h 01m 53s 513

 Computations for inbreeding coefficients
actual inbreeding computation, start    Wall time: 03-26-2024  12h 01m 53s 552
actual inbreeding computation, done     Wall time: 03-26-2024  12h 01m 53s 785
 Tiny negative value will be replaced with 0 considered as numerical error.
 Wrote inbreeding file "renf90.inb" with original id

 Inbreeding statistics:
 the maximum inbreeding coefficient    =  0.5648
 average inbreeding for inbred animals =  0.0713   n = 96778
                       for all animals =  0.0518   n = 133217
compute_inbreeding time, done     Wall time: 03-26-2024  12h 01m 54s 354
 loop writing renadd, time   0.6836262      seconds
 
 Number of animals with records                  =        16595
 Number of animals with genotypes                =         1333
 Number of animals with records or genotypes     =        16726
 Number of animals with genotypes and no records =          131
 Number of parents without records or genotypes  =       116491
 Total number of animals                         =       133217
renumber_animal, end      Wall time: 03-26-2024  12h 01m 55s 052

 Wrote cross reference IDs for SNP file "../genoIEP_2.txt_XrefID"
 write_SNP_Xref done in   3.8383961E-02  seconds
 write_map done in   2.8610229E-06  seconds

 Wrote parameter file "renf90.par"
 write renf90.par done in   5.1832199E-04  seconds
 writing renf90.dat
% records written:       5.9787%, records written:       1000 timing           0.02440023
% records written:      11.9574%, records written:       2000 timing           0.04875231
% records written:      17.9361%, records written:       3000 timing           0.07297802
% records written:      23.9149%, records written:       4000 timing           0.09705734
% records written:      29.8936%, records written:       5000 timing           0.12115431
% records written:      35.8723%, records written:       6000 timing           0.14501190
% records written:      41.8510%, records written:       7000 timing           0.16906500
% records written:      47.8297%, records written:       8000 timing           0.19293690
% records written:      53.8084%, records written:       9000 timing           0.21686125
% records written:      59.7872%, records written:      10000 timing           0.24172020
% records written:      65.7659%, records written:      11000 timing           0.26577711
% records written:      71.7446%, records written:      12000 timing           0.28994894
% records written:      77.7233%, records written:      13000 timing           0.31371403
% records written:      83.7020%, records written:      14000 timing           0.33756208
% records written:      89.6807%, records written:      15000 timing           0.36126518
% records written:      95.6595%, records written:      16000 timing           0.38489008
 Wrote renumbered data "renf90.dat" 16595 records
 write renf90.dat done in   0.3990784      seconds
 All-observation-missing data detected: 131 records
 The renumbered file "renf90.dat" does not have such data.
 Wrote field information "renf90.fields" for 8 fields in data
 save_renum_table done in   2.0408630E-04  seconds
* END  job     Wall time: 03-26-2024  12h 01m 55s 528
 name of parameter file?
renf90.par
     preGSf90 ver. 1.25

 Parameter file:             renf90.par
 Data file:                  renf90.dat
 Number of Traits             1
 Number of Effects            7
 Position of Observations      1
 Position of Weights           0
 Value of Missing Trait/Observation           0

EFFECTS
 #  type                position (2)        levels   [positions for nested]
    1  cross-classified       2         3
    2  cross-classified       3      3175
    3  cross-classified       4      1901
    4  cross-classified       5         2
    5  cross-classified       6         5
    6  cross-classified       7         3
    7  cross-classified       8    133217

 Residual (co)variance Matrix
  1.0000    

 Random Effect(s)    3
 Type of Random Effect:      diagonal
 trait   effect    (CO)VARIANCES
  1       3     1.000    

 Random Effect(s)    7
 Type of Random Effect:      additive animal with unknown parent groups and inbreeding
 Pedigree File:              renadd07.ped                                                                                                                                                                                                                                              
 trait   effect    (CO)VARIANCES
  1       7     1.000    

 REMARKS
  (1) Weight position 0 means no weights utilized
  (2) Effect positions of 0 for some effects and traits means that such
      effects are missing for specified traits
 
 

 Options read from parameter file for genomic
 * SNP format: BLUPF90 standard (text)
 * SNP file: ../genoIEP_2.txt
 * SNP Xref file: ../genoIEP_2.txt_XrefID
 * NOT CreateGInverse (default=.false.)
 * NOT CreateA22Inverse (default=.false.)
 * NOT CreateGimA22i (default=.false.)
 * Save Clean SNP data to (SNP_file)_clean file (default .false.)
 
 *--------------------------------------------------------------*
 *                 Genomic Library: Dist Version 1.313          *
 *                                                              *
 *             Optimized OpenMP Version -   4 threads            *
 *                                                              *
 *  Modified relationship matrix (H) created for effect:   7    *
 *--------------------------------------------------------------*
 
 Read 133217 animals from pedigree file: "renadd07.ped"
 Number of Genotyped Animals: 1333

 Creating A22 
    Extracting subset of: 5469 pedigrees from: 133217 elapsed time:     0.0013
    Calculating A22 Matrix by Colleau OpenMP...elapsed time: .0422
    Numbers of threads=4 4

 Reading SNP file
    Column position in file for the first marker: 11
    Format to read SNP file: (10x,400000i1)                                    
    Number of SNPs: 43421
    Format: integer genotypes (0 to 5) to double-precision array
    Number of Genotyped animals: 1333
    Reading SNP file elapsed time: 2.64
 
 Statistics of alleles frequencies in the current population
    N:          43421
    Mean:       0.255
    Min:        0.001
    Max:        0.545
    Var:        0.021
 
 Quality Control - SNPs with Call Rate < callrate ( 0.90) will removed: 0
 
 Quality Control - SNPs with MAF < minfreq ( 0.05) will removed: 4499
 
 Quality Control - Monomorphic SNPs will be removed: 0

 Quality Control - Removed Animals with Call rate < callrate ( 0.90): 0

 Quality Control - Check Parent-Progeny Mendelian conflicts

    Total animals: 133217 - Genotyped animals: 1333 - Effective: 1333

    Number of pairs Individual - Sire: 221
    Number of pairs Individual - Dam: 0
    Number of trios Individual - Sire - Dam: 0

    No sex Chromosome information is available !!
    QC for parent-progeny conflicts, HWE or heritability of gene content, could eliminate SNPs in sex Chr
    Provide map information and sex Chr to perform QC using autosomes

 Checking SNPs for Mendelian conflicts

    Total number of effective SNP: 38922
    Total number of parent-progeny evaluations: 221
    Number of SNPs with Mendelian conflicts: 0

 Checking Animals for Mendelian conflicts

    Total number of effective SNP for checks on Animals: 38922

    Number of Parent-Progeny Mendelian Conflicts: 0

 Number of effective SNPs (after QC): 38922

 Number of effective Individuals (after QC): 1333
 
 Statistics of alleles frequencies in the current population after
 Quality Control (MAF, monomorphic, call rate, HWE, Mendelian conflicts)
    N:          38922
    Mean:       0.281
    Min:        0.050
    Max:        0.545
    Var:        0.017

 List of SNPs removed in: "../genoIEP_2.txt_SNPs_removed"

 Clean genotype file was created: "../genoIEP_2.txt_clean"

 Cross reference ID file was created: "../genoIEP_2.txt_clean_XrefID"

 Genotypes missings (%): 10.361

 Genotypes missings after cleannig (%):  0.000

 Calculating G Matrix 
    Dgemm MKL #threads=     4    4 Elapsed omp_get_time:     2.2457
 
 Scale by Sum(2pq). Average:   14390.3792003891     

 Detecting samples with similar genotypes
    elapsed time=     0.0

 *****************************************
 *  Possible genotype duplicates samples *
 *****************************************

    i-j number of sample , i-j renumber Id, G(i,j), G(i,i), G(j,j), r(i,j) 
        1326     509    7897    4404  0.8921  0.9599  0.9230  0.9478
    elapsed time=     0.0
 Tuning G prior to blending with A22
/home/leonardo/Escritorio/Doc_p1/eva_genetica/Codigo
 RENUMF90 version 1.162 with zlib
* START job     Wall time: 03-26-2024  12h 03m 33s 869
 name of parameter file? renum.par
 datafile:IEP.txt
 traits:           2
 number of weights=            1
 in columns:            0 (0 means no weight)
 R
   1.000    

 Processing effect  1 of type cross     
 item_kind=alpha     

 Processing effect  2 of type cross     
 item_kind=alpha     

 Processing effect  3 of type cross     
 item_kind=alpha     
 Reading (CO)VARIANCES:           1 x           1

 Processing effect  4 of type cross     
 item_kind=alpha     

 Processing effect  5 of type cross     
 item_kind=alpha     

 Processing effect  6 of type cross     
 item_kind=alpha     

 Processing effect  7 of type cross     
 item_kind=alpha     
 pedigree file name  "../../../../Pedigri.txt"
 positions of animal, sire, dam, alternate dam, yob, and group     1     2     3     0     0     0     0
 SNP file name  "../genoIEP_2.txt"
 all pedigrees to be included
 Inbreeding coefficients internally calculated with Meuwissen & Luo
 Reading (CO)VARIANCES:           1 x           1

 Maximum size of character fields: 20

 Maximum size of record (max_string_readline): 8000

 Maximum number of fields for input file (max_field_readline): 100

 Pedigree search method (ped_search): convention

 Order of pedigree animals (animal_order): default

 Order of UPG (upg_order): default

 Missing observation code (missing): 0

 Remove the data lines that have missing observations for all traits

  guessed number of lines        16726

 Using prime hash function
 hash tables for effects set up
 first 3 lines of the data file (up to 700 characters)
    1B-10016 383 2 554 GF-11013 2 1 1121
    1B-10018 577 2 554 GF-11013 2 2 1121
    1B-10021 385 2 554 GF-11013 2 1 1121
% records read:       5.9787%, records read:       1000 timing           0.01413500
% records read:      11.9574%, records read:       2000 timing           0.02853298
% records read:      17.9361%, records read:       3000 timing           0.04268998
% records read:      23.9149%, records read:       4000 timing           0.05705199
% records read:      29.8936%, records read:       5000 timing           0.07111999
% records read:      35.8723%, records read:       6000 timing           0.08526400
% records read:      41.8510%, records read:       7000 timing           0.09939599
 table expanded from        10000  to        20000  records
% records read:      47.8297%, records read:       8000 timing           0.19289699
% records read:      53.8084%, records read:       9000 timing           0.20701900
% records read:      59.7872%, records read:      10000 timing           0.22156700
% records read:      65.7659%, records read:      11000 timing           0.23565802
% records read:      71.7446%, records read:      12000 timing           0.24999598
% records read:      77.7233%, records read:      13000 timing           0.26386699
% records read:      83.7020%, records read:      14000 timing           0.27793100
 table expanded from        20000  to        40000  records
% records read:      89.6807%, records read:      15000 timing           0.45526198
% records read:      95.6595%, records read:      16000 timing           0.46992502
 read        16726  records in   0.4807060      seconds
 ------------------------------
Processing effect group    1
 table with            3  elements sorted
 added count
 Effect group            1  of column            1  with            3  levels
 table expanded from        10000  to        10000  records
 Effect group            1  done in   4.1404009E-02  seconds
 ------------------------------
Processing effect group    2
 table with         3183  elements sorted
 added count
 Effect group            2  of column            1  with         3183  levels
 table expanded from        10000  to        10000  records
 Effect group            2  done in   6.9092989E-02  seconds
 ------------------------------
Processing effect group    3
 table with         1910  elements sorted
 added count
 Effect group            3  of column            1  with         1910  levels
 table expanded from        10000  to        10000  records
 Effect group            3  done in   5.9623957E-02  seconds
 ------------------------------
Processing effect group    4
 table with            2  elements sorted
 added count
 Effect group            4  of column            1  with            2  levels
 table expanded from        10000  to        10000  records
 Effect group            4  done in   4.2236984E-02  seconds
 ------------------------------
Processing effect group    5
 table with            5  elements sorted
 added count
 Effect group            5  of column            1  with            5  levels
 table expanded from        10000  to        10000  records
 Effect group            5  done in   4.1363001E-02  seconds
 ------------------------------
Processing effect group    6
 table with            3  elements sorted
 added count
 Effect group            6  of column            1  with            3  levels
 table expanded from        10000  to        10000  records
 Effect group            6  done in   4.0482998E-02  seconds
 ------------------------------
Processing effect group    7
 added count
 Effect group            7  of column            1  with        16726  levels
 Effect group            7  done in   1.4449358E-03  seconds
 wrote statistics in file "renf90.tables"
 reading data file for basic statistics
% records read:       5.9787%, records read:       1000 timing           0.01157999
% records read:      11.9574%, records read:       2000 timing           0.02305603
% records read:      17.9361%, records read:       3000 timing           0.03445303
% records read:      23.9149%, records read:       4000 timing           0.04571199
% records read:      29.8936%, records read:       5000 timing           0.05723500
% records read:      35.8723%, records read:       6000 timing           0.06875300
% records read:      41.8510%, records read:       7000 timing           0.08002901
% records read:      47.8297%, records read:       8000 timing           0.09216106
% records read:      53.8084%, records read:       9000 timing           0.10445607
% records read:      59.7872%, records read:      10000 timing           0.11607003
% records read:      65.7659%, records read:      11000 timing           0.12799299
% records read:      71.7446%, records read:      12000 timing           0.14002597
% records read:      77.7233%, records read:      13000 timing           0.15195298
% records read:      83.7020%, records read:      14000 timing           0.16358602
% records read:      89.6807%, records read:      15000 timing           0.17528605
% records read:      95.6595%, records read:      16000 timing           0.18730998

 Basic statistics for input data  (missing value code is '0')
 Pos  Min         Max         Mean        SD                 N
   2    289.00      600.00      410.91      72.532       16726
 basic_statistics done in   0.1956390      seconds

 random effect with SNPs  7
 type: animal    
 file: ../genoIEP_2.txt
 form: plain text
 read SNPs        1333  records
 Effect group            7  of column            1  with        16726  levels
 add_snp done in   3.2222033E-02  seconds
 reorder_animal done in   3.9339066E-06  seconds

 random effect   3
 type:diag      

 random effect   7
 type:animal    
renumber_animal, start    Wall time: 03-26-2024  12h 03m 35s 198
 opened output pedigree file "renadd07.ped"
 table expanded from        40000  to        80000  records
 table expanded from        80000  to       160000  records
 table expanded from       160000  to       320000  records
 load_animals time    3.988493      seconds
 read       133217  pedigree records
 loaded       116491  parent(s) in round            0

 Pedigree checks
compute_inbreeding time, start    Wall time: 03-26-2024  12h 03m 39s 265

 Computations for inbreeding coefficients
actual inbreeding computation, start    Wall time: 03-26-2024  12h 03m 39s 304
actual inbreeding computation, done     Wall time: 03-26-2024  12h 03m 39s 540
 Tiny negative value will be replaced with 0 considered as numerical error.
 Wrote inbreeding file "renf90.inb" with original id

 Inbreeding statistics:
 the maximum inbreeding coefficient    =  0.5648
 average inbreeding for inbred animals =  0.0713   n = 96778
                       for all animals =  0.0518   n = 133217
compute_inbreeding time, done     Wall time: 03-26-2024  12h 03m 40s 081
 loop writing renadd, time   0.6811123      seconds
 
 Number of animals with records                  =        16726
 Number of animals with genotypes                =         1333
 Number of animals with records or genotypes     =        16726
 Number of animals with genotypes and no records =            0
 Number of parents without records or genotypes  =       116491
 Total number of animals                         =       133217
renumber_animal, end      Wall time: 03-26-2024  12h 03m 40s 763

 Wrote cross reference IDs for SNP file "../genoIEP_2.txt_XrefID"
 write_SNP_Xref done in   3.8115978E-02  seconds
 write_map done in   3.3378601E-06  seconds

 Wrote parameter file "renf90.par"
 write renf90.par done in   3.7193298E-04  seconds
 writing renf90.dat
% records written:       5.9787%, records written:       1000 timing           0.02434301
% records written:      11.9574%, records written:       2000 timing           0.04798508
% records written:      17.9361%, records written:       3000 timing           0.07229519
% records written:      23.9149%, records written:       4000 timing           0.09599924
% records written:      29.8936%, records written:       5000 timing           0.12023115
% records written:      35.8723%, records written:       6000 timing           0.14417934
% records written:      41.8510%, records written:       7000 timing           0.16764832
% records written:      47.8297%, records written:       8000 timing           0.19142199
% records written:      53.8084%, records written:       9000 timing           0.21492243
% records written:      59.7872%, records written:      10000 timing           0.23906040
% records written:      65.7659%, records written:      11000 timing           0.26267815
% records written:      71.7446%, records written:      12000 timing           0.28631639
% records written:      77.7233%, records written:      13000 timing           0.30990744
% records written:      83.7020%, records written:      14000 timing           0.33370924
% records written:      89.6807%, records written:      15000 timing           0.35748339
% records written:      95.6595%, records written:      16000 timing           0.38091421
 Wrote renumbered data "renf90.dat" 16726 records
 write renf90.dat done in   0.3983984      seconds
 Wrote field information "renf90.fields" for 8 fields in data
 save_renum_table done in   1.0108948E-04  seconds
* END  job     Wall time: 03-26-2024  12h 03m 41s 200
 name of parameter file?
renf90.par
     preGSf90 ver. 1.25

 Parameter file:             renf90.par
 Data file:                  renf90.dat
 Number of Traits             1
 Number of Effects            7
 Position of Observations      1
 Position of Weights           0
 Value of Missing Trait/Observation           0

EFFECTS
 #  type                position (2)        levels   [positions for nested]
    1  cross-classified       2         3
    2  cross-classified       3      3183
    3  cross-classified       4      1910
    4  cross-classified       5         2
    5  cross-classified       6         5
    6  cross-classified       7         3
    7  cross-classified       8    133217

 Residual (co)variance Matrix
  1.0000    

 Random Effect(s)    3
 Type of Random Effect:      diagonal
 trait   effect    (CO)VARIANCES
  1       3     1.000    

 Random Effect(s)    7
 Type of Random Effect:      additive animal with unknown parent groups and inbreeding
 Pedigree File:              renadd07.ped                                                                                                                                                                                                                                              
 trait   effect    (CO)VARIANCES
  1       7     1.000    

 REMARKS
  (1) Weight position 0 means no weights utilized
  (2) Effect positions of 0 for some effects and traits means that such
      effects are missing for specified traits
 
 

 Options read from parameter file for genomic
 * SNP format: BLUPF90 standard (text)
 * SNP file: ../genoIEP_2.txt
 * SNP Xref file: ../genoIEP_2.txt_XrefID
 * NOT CreateGInverse (default=.false.)
 * NOT CreateA22Inverse (default=.false.)
 * NOT CreateGimA22i (default=.false.)
 * Save Clean SNP data to (SNP_file)_clean file (default .false.)
 * Exclude Samples (default .false.): 1326
 
 *--------------------------------------------------------------*
 *                 Genomic Library: Dist Version 1.313          *
 *                                                              *
 *             Optimized OpenMP Version -   4 threads            *
 *                                                              *
 *  Modified relationship matrix (H) created for effect:   7    *
 *--------------------------------------------------------------*
 
 Read 133217 animals from pedigree file: "renadd07.ped"
 Number of Genotyped Animals: 1333

 Creating A22 
    Extracting subset of: 5469 pedigrees from: 133217 elapsed time:     0.0012
    Calculating A22 Matrix by Colleau OpenMP...elapsed time: .0529
    Numbers of threads=4 4

 Reading SNP file
    Column position in file for the first marker: 11
    Format to read SNP file: (10x,400000i1)                                    
    Number of SNPs: 43421
    Format: integer genotypes (0 to 5) to double-precision array
    Number of Genotyped animals: 1333
    Reading SNP file elapsed time: 2.85
 
 Statistics of alleles frequencies in the current population
    N:          43421
    Mean:       0.255
    Min:        0.001
    Max:        0.545
    Var:        0.021
 
 Quality Control - SNPs with Call Rate < callrate ( 0.90) will removed: 0
 
 Quality Control - SNPs with MAF < minfreq ( 0.05) will removed: 4499
 
 Quality Control - Monomorphic SNPs will be removed: 0

 Excluded samples from analysis: 1

 Quality Control - Removed Animals with Call rate < callrate ( 0.90): 0

 Quality Control - Check Parent-Progeny Mendelian conflicts

    Total animals: 133217 - Genotyped animals: 1333 - Effective: 1332

    Number of pairs Individual - Sire: 221
    Number of pairs Individual - Dam: 0
    Number of trios Individual - Sire - Dam: 0

    No sex Chromosome information is available !!
    QC for parent-progeny conflicts, HWE or heritability of gene content, could eliminate SNPs in sex Chr
    Provide map information and sex Chr to perform QC using autosomes

 Checking SNPs for Mendelian conflicts

    Total number of effective SNP: 38922
    Total number of parent-progeny evaluations: 221
    Number of SNPs with Mendelian conflicts: 0

 Checking Animals for Mendelian conflicts

    Total number of effective SNP for checks on Animals: 38922

    Number of Parent-Progeny Mendelian Conflicts: 0

 Number of effective SNPs (after QC): 38922

 Number of effective Individuals (after QC): 1332
 
 Statistics of alleles frequencies in the current population after
 Quality Control (MAF, monomorphic, call rate, HWE, Mendelian conflicts)
    N:          38922
    Mean:       0.281
    Min:        0.050
    Max:        0.545
    Var:        0.017

 Number of Animals to be excluded from analysis: 1

    For calulations in the current analysis number
    of genotyped animals are the same but:

       Diagonals of G and A22 are set to 1
       Off-Diagonals of G and A22 are set to 0

 List of Animals removed in: "../genoIEP_2.txt_Animals_removed"

 List of SNPs removed in: "../genoIEP_2.txt_SNPs_removed"

 Clean genotype file was created: "../genoIEP_2.txt_clean"

 Cross reference ID file was created: "../genoIEP_2.txt_clean_XrefID"

 Genotypes missings (%): 10.361

 Genotypes missings after cleannig (%):  0.000

 Calculating G Matrix 
    Dgemm MKL #threads=     4    4 Elapsed omp_get_time:     2.7419
 
 Scale by Sum(2pq). Average:   14390.3792003891     

 Detecting samples with similar genotypes
    elapsed time=     0.0
 Tuning G prior to blending with A22
/home/leonardo/Escritorio/Doc_p1/eva_genetica/Codigo
 RENUMF90 version 1.162 with zlib
* START job     Wall time: 03-26-2024  12h 03m 57s 034
 name of parameter file? renum.par
 datafile:IEP.txt
 traits:           2
 number of weights=            1
 in columns:            0 (0 means no weight)
 R
   1.000    

 Processing effect  1 of type cross     
 item_kind=alpha     

 Processing effect  2 of type cross     
 item_kind=alpha     

 Processing effect  3 of type cross     
 item_kind=alpha     
 Reading (CO)VARIANCES:           1 x           1

 Processing effect  4 of type cross     
 item_kind=alpha     

 Processing effect  5 of type cross     
 item_kind=alpha     

 Processing effect  6 of type cross     
 item_kind=alpha     

 Processing effect  7 of type cross     
 item_kind=alpha     
 pedigree file name  "../../../../Pedigri.txt"
 positions of animal, sire, dam, alternate dam, yob, and group     1     2     3     0     0     0     0
 SNP file name  "../genoIEP_2.txt"
 all pedigrees to be included
 Inbreeding coefficients internally calculated with Meuwissen & Luo
 Reading (CO)VARIANCES:           1 x           1

 Maximum size of character fields: 20

 Maximum size of record (max_string_readline): 8000

 Maximum number of fields for input file (max_field_readline): 100

 Pedigree search method (ped_search): convention

 Order of pedigree animals (animal_order): default

 Order of UPG (upg_order): default

 Missing observation code (missing): 0

 Remove the data lines that have missing observations for all traits

  guessed number of lines        16726

 Using prime hash function
 hash tables for effects set up
 first 3 lines of the data file (up to 700 characters)
    1B-10016 383 2 554 GF-11013 2 1 1121
    1B-10018 577 2 554 GF-11013 2 2 1121
    1B-10021 385 2 554 GF-11013 2 1 1121
% records read:       5.9787%, records read:       1000 timing           0.01487100
% records read:      11.9574%, records read:       2000 timing           0.02997500
% records read:      17.9361%, records read:       3000 timing           0.04421300
% records read:      23.9149%, records read:       4000 timing           0.05833900
% records read:      29.8936%, records read:       5000 timing           0.07252601
% records read:      35.8723%, records read:       6000 timing           0.08649302
% records read:      41.8510%, records read:       7000 timing           0.10059500
 table expanded from        10000  to        20000  records
% records read:      47.8297%, records read:       8000 timing           0.19283301
% records read:      53.8084%, records read:       9000 timing           0.20668101
% records read:      59.7872%, records read:      10000 timing           0.22097701
% records read:      65.7659%, records read:      11000 timing           0.23495102
% records read:      71.7446%, records read:      12000 timing           0.24897501
% records read:      77.7233%, records read:      13000 timing           0.26294598
% records read:      83.7020%, records read:      14000 timing           0.27675298
 table expanded from        20000  to        40000  records
% records read:      89.6807%, records read:      15000 timing           0.44803199
% records read:      95.6595%, records read:      16000 timing           0.46191600
 read        16595  records in   0.4701800      seconds

 *** Notice ***
     There are 131 lines with all-missing-observations lines, and
     the above number of records (16595) does not include such data.
     The all-missing records will be removed from renf90.dat.
     
 ------------------------------
Processing effect group    1
 table with            3  elements sorted
 added count
 Effect group            1  of column            1  with            3  levels
 table expanded from        10000  to        10000  records
 Effect group            1  done in   4.1218996E-02  seconds
 ------------------------------
Processing effect group    2
 table with         3175  elements sorted
 added count
 Effect group            2  of column            1  with         3175  levels
 table expanded from        10000  to        10000  records
 Effect group            2  done in   6.9208026E-02  seconds
 ------------------------------
Processing effect group    3
 table with         1901  elements sorted
 added count
 Effect group            3  of column            1  with         1901  levels
 table expanded from        10000  to        10000  records
 Effect group            3  done in   5.8956027E-02  seconds
 ------------------------------
Processing effect group    4
 table with            2  elements sorted
 added count
 Effect group            4  of column            1  with            2  levels
 table expanded from        10000  to        10000  records
 Effect group            4  done in   4.0910006E-02  seconds
 ------------------------------
Processing effect group    5
 table with            5  elements sorted
 added count
 Effect group            5  of column            1  with            5  levels
 table expanded from        10000  to        10000  records
 Effect group            5  done in   4.1276991E-02  seconds
 ------------------------------
Processing effect group    6
 table with            3  elements sorted
 added count
 Effect group            6  of column            1  with            3  levels
 table expanded from        10000  to        10000  records
 Effect group            6  done in   4.2306066E-02  seconds
 ------------------------------
Processing effect group    7
 added count
 Effect group            7  of column            1  with        16595  levels
 Effect group            7  done in   1.4499426E-03  seconds
 wrote statistics in file "renf90.tables"
 reading data file for basic statistics
% records read:       5.9787%, records read:       1000 timing           0.01179802
% records read:      11.9574%, records read:       2000 timing           0.02397609
% records read:      17.9361%, records read:       3000 timing           0.03633702
% records read:      23.9149%, records read:       4000 timing           0.04866409
% records read:      29.8936%, records read:       5000 timing           0.06120598
% records read:      35.8723%, records read:       6000 timing           0.07362103
% records read:      41.8510%, records read:       7000 timing           0.08612609
% records read:      47.8297%, records read:       8000 timing           0.09852302
% records read:      53.8084%, records read:       9000 timing           0.11089408
% records read:      59.7872%, records read:      10000 timing           0.12321901
% records read:      65.7659%, records read:      11000 timing           0.13571298
% records read:      71.7446%, records read:      12000 timing           0.14821804
% records read:      77.7233%, records read:      13000 timing           0.16027606
% records read:      83.7020%, records read:      14000 timing           0.17168403
% records read:      89.6807%, records read:      15000 timing           0.18296599
% records read:      95.6595%, records read:      16000 timing           0.19449806

 Basic statistics for input data  (missing value code is '0')
 Pos  Min         Max         Mean        SD                 N
   2    289.00      600.00      410.84      72.464       16595

 *** Warning ***
     There are 131 lines with all-missing-observations lines.
     Such data will be removed from the final output.
 basic_statistics done in   0.2029780      seconds

 random effect with SNPs  7
 type: animal    
 file: ../genoIEP_2.txt
 form: plain text
 read SNPs        1333  records
 Effect group            7  of column            1  with        16726  levels
 add_snp done in   3.0467987E-02  seconds
 reorder_animal done in   4.0531158E-06  seconds

 random effect   3
 type:diag      

 random effect   7
 type:animal    
renumber_animal, start    Wall time: 03-26-2024  12h 03m 58s 302
 opened output pedigree file "renadd07.ped"
 table expanded from        40000  to        80000  records
 table expanded from        80000  to       160000  records
 table expanded from       160000  to       320000  records
 load_animals time    3.859052      seconds
 read       133217  pedigree records
 loaded       116491  parent(s) in round            0

 Pedigree checks
compute_inbreeding time, start    Wall time: 03-26-2024  12h 04m 02s 238

 Computations for inbreeding coefficients
actual inbreeding computation, start    Wall time: 03-26-2024  12h 04m 02s 277
actual inbreeding computation, done     Wall time: 03-26-2024  12h 04m 02s 505
 Tiny negative value will be replaced with 0 considered as numerical error.
 Wrote inbreeding file "renf90.inb" with original id

 Inbreeding statistics:
 the maximum inbreeding coefficient    =  0.5648
 average inbreeding for inbred animals =  0.0713   n = 96778
                       for all animals =  0.0518   n = 133217
compute_inbreeding time, done     Wall time: 03-26-2024  12h 04m 03s 043
 loop writing renadd, time   0.6764574      seconds
 
 Number of animals with records                  =        16595
 Number of animals with genotypes                =         1333
 Number of animals with records or genotypes     =        16726
 Number of animals with genotypes and no records =          131
 Number of parents without records or genotypes  =       116491
 Total number of animals                         =       133217
renumber_animal, end      Wall time: 03-26-2024  12h 04m 03s 719

 Wrote cross reference IDs for SNP file "../genoIEP_2.txt_XrefID"
 write_SNP_Xref done in   3.8358212E-02  seconds
 write_map done in   2.8610229E-06  seconds

 Wrote parameter file "renf90.par"
 write renf90.par done in   3.7288666E-04  seconds
 writing renf90.dat
% records written:       5.9787%, records written:       1000 timing           0.02390194
% records written:      11.9574%, records written:       2000 timing           0.04800892
% records written:      17.9361%, records written:       3000 timing           0.07186794
% records written:      23.9149%, records written:       4000 timing           0.09609985
% records written:      29.8936%, records written:       5000 timing           0.11986017
% records written:      35.8723%, records written:       6000 timing           0.14371300
% records written:      41.8510%, records written:       7000 timing           0.16752911
% records written:      47.8297%, records written:       8000 timing           0.19109011
% records written:      53.8084%, records written:       9000 timing           0.21494007
% records written:      59.7872%, records written:      10000 timing           0.23848820
% records written:      65.7659%, records written:      11000 timing           0.26210690
% records written:      71.7446%, records written:      12000 timing           0.28593397
% records written:      77.7233%, records written:      13000 timing           0.30950880
% records written:      83.7020%, records written:      14000 timing           0.33334780
% records written:      89.6807%, records written:      15000 timing           0.35704803
% records written:      95.6595%, records written:      16000 timing           0.38070297
 Wrote renumbered data "renf90.dat" 16595 records
 write renf90.dat done in   0.3946919      seconds
 All-observation-missing data detected: 131 records
 The renumbered file "renf90.dat" does not have such data.
 Wrote field information "renf90.fields" for 8 fields in data
 save_renum_table done in   1.3017654E-04  seconds
* END  job     Wall time: 03-26-2024  12h 04m 04s 153
 name of parameter file?
renf90.par
     preGSf90 ver. 1.25

 Parameter file:             renf90.par
 Data file:                  renf90.dat
 Number of Traits             1
 Number of Effects            7
 Position of Observations      1
 Position of Weights           0
 Value of Missing Trait/Observation           0

EFFECTS
 #  type                position (2)        levels   [positions for nested]
    1  cross-classified       2         3
    2  cross-classified       3      3175
    3  cross-classified       4      1901
    4  cross-classified       5         2
    5  cross-classified       6         5
    6  cross-classified       7         3
    7  cross-classified       8    133217

 Residual (co)variance Matrix
  1.0000    

 Random Effect(s)    3
 Type of Random Effect:      diagonal
 trait   effect    (CO)VARIANCES
  1       3     1.000    

 Random Effect(s)    7
 Type of Random Effect:      additive animal with unknown parent groups and inbreeding
 Pedigree File:              renadd07.ped                                                                                                                                                                                                                                              
 trait   effect    (CO)VARIANCES
  1       7     1.000    

 REMARKS
  (1) Weight position 0 means no weights utilized
  (2) Effect positions of 0 for some effects and traits means that such
      effects are missing for specified traits
 
 

 Options read from parameter file for genomic
 * SNP format: BLUPF90 standard (text)
 * SNP file: ../genoIEP_2.txt
 * SNP Xref file: ../genoIEP_2.txt_XrefID
 * NOT CreateGInverse (default=.false.)
 * NOT CreateA22Inverse (default=.false.)
 * NOT CreateGimA22i (default=.false.)
 * Save Clean SNP data to (SNP_file)_clean file (default .false.)
 
 *--------------------------------------------------------------*
 *                 Genomic Library: Dist Version 1.313          *
 *                                                              *
 *             Optimized OpenMP Version -   4 threads            *
 *                                                              *
 *  Modified relationship matrix (H) created for effect:   7    *
 *--------------------------------------------------------------*
 
 Read 133217 animals from pedigree file: "renadd07.ped"
 Number of Genotyped Animals: 1333

 Creating A22 
    Extracting subset of: 5469 pedigrees from: 133217 elapsed time:     0.0012
    Calculating A22 Matrix by Colleau OpenMP...elapsed time: .0403
    Numbers of threads=4 4

 Reading SNP file
    Column position in file for the first marker: 11
    Format to read SNP file: (10x,400000i1)                                    
    Number of SNPs: 43421
    Format: integer genotypes (0 to 5) to double-precision array
    Number of Genotyped animals: 1333
    Reading SNP file elapsed time: 2.60
 
 Statistics of alleles frequencies in the current population
    N:          43421
    Mean:       0.255
    Min:        0.001
    Max:        0.545
    Var:        0.021
 
 Quality Control - SNPs with Call Rate < callrate ( 0.90) will removed: 0
 
 Quality Control - SNPs with MAF < minfreq ( 0.05) will removed: 4499
 
 Quality Control - Monomorphic SNPs will be removed: 0

 Quality Control - Removed Animals with Call rate < callrate ( 0.90): 0

 Quality Control - Check Parent-Progeny Mendelian conflicts

    Total animals: 133217 - Genotyped animals: 1333 - Effective: 1333

    Number of pairs Individual - Sire: 221
    Number of pairs Individual - Dam: 0
    Number of trios Individual - Sire - Dam: 0

    No sex Chromosome information is available !!
    QC for parent-progeny conflicts, HWE or heritability of gene content, could eliminate SNPs in sex Chr
    Provide map information and sex Chr to perform QC using autosomes

 Checking SNPs for Mendelian conflicts

    Total number of effective SNP: 38922
    Total number of parent-progeny evaluations: 221
    Number of SNPs with Mendelian conflicts: 0

 Checking Animals for Mendelian conflicts

    Total number of effective SNP for checks on Animals: 38922

    Number of Parent-Progeny Mendelian Conflicts: 0

 Number of effective SNPs (after QC): 38922

 Number of effective Individuals (after QC): 1333
 
 Statistics of alleles frequencies in the current population after
 Quality Control (MAF, monomorphic, call rate, HWE, Mendelian conflicts)
    N:          38922
    Mean:       0.281
    Min:        0.050
    Max:        0.545
    Var:        0.017

 List of SNPs removed in: "../genoIEP_2.txt_SNPs_removed"

 Clean genotype file was created: "../genoIEP_2.txt_clean"

 Cross reference ID file was created: "../genoIEP_2.txt_clean_XrefID"

 Genotypes missings (%): 10.361

 Genotypes missings after cleannig (%):  0.000

 Calculating G Matrix 
    Dgemm MKL #threads=     4    4 Elapsed omp_get_time:     3.0897
 
 Scale by Sum(2pq). Average:   14390.3792003891     

 Detecting samples with similar genotypes
    elapsed time=     0.0

 *****************************************
 *  Possible genotype duplicates samples *
 *****************************************

    i-j number of sample , i-j renumber Id, G(i,j), G(i,i), G(j,j), r(i,j) 
        1326     509    7897    4404  0.8921  0.9599  0.9230  0.9478
    elapsed time=     0.0
 Tuning G prior to blending with A22
/home/leonardo/Escritorio/Doc_p1/eva_genetica/Codigo
 RENUMF90 version 1.162 with zlib
* START job     Wall time: 03-26-2024  12h 10m 01s 175
 name of parameter file? renum.par
 datafile:P365.txt
 traits:           2
 number of weights=            1
 in columns:            0 (0 means no weight)
 R
   1.000    

 Processing effect  1 of type cross     
 item_kind=alpha     

 Processing effect  2 of type cross     
 item_kind=alpha     

 Processing effect  3 of type cov       

 Processing effect  4 of type cov       

 Processing effect  5 of type cross     
 item_kind=alpha     
 pedigree file name  "../../../../Pedigri.txt"
 positions of animal, sire, dam, alternate dam, yob, and group     1     2     3     0     0     0     0
 SNP file name  "../genoP365_2.txt"
 all pedigrees to be included
 Inbreeding coefficients internally calculated with Meuwissen & Luo
 Reading (CO)VARIANCES:           1 x           1

 Maximum size of character fields: 20

 Maximum size of record (max_string_readline): 8000

 Maximum number of fields for input file (max_field_readline): 100

 Pedigree search method (ped_search): convention

 Order of pedigree animals (animal_order): default

 Order of UPG (upg_order): default

 Missing observation code (missing): 0

 Remove the data lines that have missing observations for all traits

  guessed number of lines        15335

 Using prime hash function
 hash tables for effects set up
 first 3 lines of the data file (up to 700 characters)
    JX-98019 468.074306106265 1 BA041999 234 154
    IJ-98077 538.296992481203 1 BA041999 209 150
    IJ-98063 484.589974937343 1 BA041999 227 150
% records read:       6.5210%, records read:       1000 timing           0.01581600
% records read:      13.0421%, records read:       2000 timing           0.03161800
% records read:      19.5631%, records read:       3000 timing           0.04588500
% records read:      26.0841%, records read:       4000 timing           0.05853400
% records read:      32.6052%, records read:       5000 timing           0.07056299
% records read:      39.1262%, records read:       6000 timing           0.08262300
% records read:      45.6472%, records read:       7000 timing           0.09479001
 table expanded from        10000  to        20000  records
% records read:      52.1682%, records read:       8000 timing           0.18584099
% records read:      58.6893%, records read:       9000 timing           0.19802698
% records read:      65.2103%, records read:      10000 timing           0.21009600
% records read:      71.7313%, records read:      11000 timing           0.22230601
% records read:      78.2524%, records read:      12000 timing           0.23448700
% records read:      84.7734%, records read:      13000 timing           0.24630201
% records read:      91.2944%, records read:      14000 timing           0.25861102
 table expanded from        20000  to        40000  records
% records read:      97.8155%, records read:      15000 timing           0.43068802
 read        15335  records in   0.4348210      seconds
 ------------------------------
Processing effect group    1
 table with            2  elements sorted
 added count
 Effect group            1  of column            1  with            2  levels
 table expanded from        10000  to        10000  records
 Effect group            1  done in   4.1581988E-02  seconds
 ------------------------------
Processing effect group    2
 table with          498  elements sorted
 added count
 Effect group            2  of column            1  with          498  levels
 table expanded from        10000  to        10000  records
 Effect group            2  done in   4.5753002E-02  seconds
 ------------------------------
Processing effect group    3
 ------------------------------
Processing effect group    4
 ------------------------------
Processing effect group    5
 added count
 Effect group            5  of column            1  with        15335  levels
 Effect group            5  done in   1.3149977E-03  seconds
 wrote statistics in file "renf90.tables"
 reading data file for basic statistics
% records read:       6.5210%, records read:       1000 timing           0.01066095
% records read:      13.0421%, records read:       2000 timing           0.02140796
% records read:      19.5631%, records read:       3000 timing           0.03207797
% records read:      26.0841%, records read:       4000 timing           0.04270399
% records read:      32.6052%, records read:       5000 timing           0.05347395
% records read:      39.1262%, records read:       6000 timing           0.06416798
% records read:      45.6472%, records read:       7000 timing           0.07471800
% records read:      52.1682%, records read:       8000 timing           0.08545095
% records read:      58.6893%, records read:       9000 timing           0.09621400
% records read:      65.2103%, records read:      10000 timing           0.10674596
% records read:      71.7313%, records read:      11000 timing           0.11755699
% records read:      78.2524%, records read:      12000 timing           0.12821800
% records read:      84.7734%, records read:      13000 timing           0.13889998
% records read:      91.2944%, records read:      14000 timing           0.15005499
% records read:      97.8155%, records read:      15000 timing           0.16132694

 Basic statistics for input data  (missing value code is '0')
 Pos  Min         Max         Mean        SD                 N
   2    283.37      582.64      438.99      58.013       15335
   5    130.00      380.00      253.15      54.075       15335
   6    59.000      402.00      205.47      51.287       15335

 Correlation matrix
        2     5     6
  2   1.00  0.34 -0.39
  5   0.34  1.00 -0.61
  6  -0.39 -0.61  1.00

 Counts of nonzero values (order as above)
      15335     15335     15335
      15335     15335     15335
      15335     15335     15335
 basic_statistics done in   0.1651570      seconds

 random effect with SNPs  5
 type: animal    
 file: ../genoP365_2.txt
 form: plain text
 read SNPs          28  records
 Effect group            5  of column            1  with        15335  levels
 add_snp done in   1.9800067E-03  seconds
 reorder_animal done in   2.9802322E-06  seconds

 random effect   5
 type:animal    
renumber_animal, start    Wall time: 03-26-2024  12h 10m 02s 221
 opened output pedigree file "renadd05.ped"
 table expanded from        40000  to        80000  records
 table expanded from        80000  to       160000  records
 table expanded from       160000  to       320000  records
 load_animals time    3.885365      seconds
 read       133217  pedigree records
 loaded       117882  parent(s) in round            0

 Pedigree checks
compute_inbreeding time, start    Wall time: 03-26-2024  12h 10m 06s 182

 Computations for inbreeding coefficients
actual inbreeding computation, start    Wall time: 03-26-2024  12h 10m 06s 222
actual inbreeding computation, done     Wall time: 03-26-2024  12h 10m 06s 459
 Tiny negative value will be replaced with 0 considered as numerical error.
 Wrote inbreeding file "renf90.inb" with original id

 Inbreeding statistics:
 the maximum inbreeding coefficient    =  0.5648
 average inbreeding for inbred animals =  0.0713   n = 96778
                       for all animals =  0.0518   n = 133217
compute_inbreeding time, done     Wall time: 03-26-2024  12h 10m 07s 105
 loop writing renadd, time   0.6788187      seconds
 
 Number of animals with records                  =        15335
 Number of animals with genotypes                =           28
 Number of animals with records or genotypes     =        15335
 Number of animals with genotypes and no records =            0
 Number of parents without records or genotypes  =       117882
 Total number of animals                         =       133217
renumber_animal, end      Wall time: 03-26-2024  12h 10m 07s 801

 Wrote cross reference IDs for SNP file "../genoP365_2.txt_XrefID"
 write_SNP_Xref done in   1.0132790E-03  seconds
 write_map done in   1.9073486E-06  seconds

 Wrote parameter file "renf90.par"
 write renf90.par done in   3.6239624E-04  seconds
 writing renf90.dat
% records written:       6.5210%, records written:       1000 timing           0.02081108
% records written:      13.0421%, records written:       2000 timing           0.04152584
% records written:      19.5631%, records written:       3000 timing           0.06212711
% records written:      26.0841%, records written:       4000 timing           0.08275795
% records written:      32.6052%, records written:       5000 timing           0.10363913
% records written:      39.1262%, records written:       6000 timing           0.12444496
% records written:      45.6472%, records written:       7000 timing           0.14486504
% records written:      52.1682%, records written:       8000 timing           0.16549397
% records written:      58.6893%, records written:       9000 timing           0.18602228
% records written:      65.2103%, records written:      10000 timing           0.20659924
% records written:      71.7313%, records written:      11000 timing           0.22731829
% records written:      78.2524%, records written:      12000 timing           0.24779987
% records written:      84.7734%, records written:      13000 timing           0.26832819
% records written:      91.2944%, records written:      14000 timing           0.28898001
% records written:      97.8155%, records written:      15000 timing           0.30969620
 Wrote renumbered data "renf90.dat" 15335 records
 write renf90.dat done in   0.3166800      seconds
 Wrote field information "renf90.fields" for 6 fields in data
 save_renum_table done in   1.5497208E-04  seconds
* END  job     Wall time: 03-26-2024  12h 10m 08s 134
 name of parameter file?
renf90.par
     preGSf90 ver. 1.25

 Parameter file:             renf90.par
 Data file:                  renf90.dat
 Number of Traits             1
 Number of Effects            5
 Position of Observations      1
 Position of Weights           0
 Value of Missing Trait/Observation           0

EFFECTS
 #  type                position (2)        levels   [positions for nested]
    1  cross-classified       2         2
    2  cross-classified       3       498
    3  covariable             4         1
    4  covariable             5         1
    5  cross-classified       6    133217

 Residual (co)variance Matrix
  1.0000    

 Random Effect(s)    5
 Type of Random Effect:      additive animal with unknown parent groups and inbreeding
 Pedigree File:              renadd05.ped                                                                                                                                                                                                                                              
 trait   effect    (CO)VARIANCES
  1       5     1.000    

 REMARKS
  (1) Weight position 0 means no weights utilized
  (2) Effect positions of 0 for some effects and traits means that such
      effects are missing for specified traits
 
 

 Options read from parameter file for genomic
 * SNP format: BLUPF90 standard (text)
 * SNP file: ../genoP365_2.txt
 * SNP Xref file: ../genoP365_2.txt_XrefID
 * NOT CreateGInverse (default=.false.)
 * NOT CreateA22Inverse (default=.false.)
 * NOT CreateGimA22i (default=.false.)
 * Save Clean SNP data to (SNP_file)_clean file (default .false.)
 
 *--------------------------------------------------------------*
 *                 Genomic Library: Dist Version 1.313          *
 *                                                              *
 *             Optimized OpenMP Version -   4 threads            *
 *                                                              *
 *  Modified relationship matrix (H) created for effect:   5    *
 *--------------------------------------------------------------*
 
 Read 133217 animals from pedigree file: "renadd05.ped"
 Number of Genotyped Animals: 28

 Creating A22 
    Extracting subset of: 691 pedigrees from: 133217 elapsed time:     0.0024
    Calculating A22 Matrix by Colleau OpenMP...elapsed time: .0004
    Numbers of threads=4 4

 Reading SNP file
    Column position in file for the first marker: 11
    Format to read SNP file: (10x,400000i1)                                    
    Number of SNPs: 43421
    Format: integer genotypes (0 to 5) to double-precision array
    Number of Genotyped animals: 28
    Reading SNP file elapsed time: .20
 
 Statistics of alleles frequencies in the current population
    N:          43421
    Mean:       0.259
    Min:        0.000
    Max:        0.875
    Var:        0.031
 
 Quality Control - SNPs with Call Rate < callrate ( 0.90) will removed: 0
 
 Quality Control - SNPs with MAF < minfreq ( 0.05) will removed: 5579
 
 Quality Control - Monomorphic SNPs will be removed: 1975

 Quality Control - Removed Animals with Call rate < callrate ( 0.90): 0

 Quality Control - Check Parent-Progeny Mendelian conflicts

    Total animals: 133217 - Genotyped animals: 28 - Effective: 28

    Number of pairs Individual - Sire: 0
    Number of pairs Individual - Dam: 3
    Number of trios Individual - Sire - Dam: 0

    No sex Chromosome information is available !!
    QC for parent-progeny conflicts, HWE or heritability of gene content, could eliminate SNPs in sex Chr
    Provide map information and sex Chr to perform QC using autosomes

 Checking SNPs for Mendelian conflicts
    SNPs not masked, low # parent-progeny evaluations: 3

 Checking Animals for Mendelian conflicts

    Total number of effective SNP for checks on Animals: 37842

    Number of Parent-Progeny Mendelian Conflicts: 0

 Number of effective SNPs (after QC): 37842

 Number of effective Individuals (after QC): 28
 
 Statistics of alleles frequencies in the current population after
 Quality Control (MAF, monomorphic, call rate, HWE, Mendelian conflicts)
    N:          37842
    Mean:       0.294
    Min:        0.054
    Max:        0.875
    Var:        0.026

 List of SNPs removed in: "../genoP365_2.txt_SNPs_removed"

 Clean genotype file was created: "../genoP365_2.txt_clean"

 Cross reference ID file was created: "../genoP365_2.txt_clean_XrefID"

 Genotypes missings (%): 12.849

 Genotypes missings after cleannig (%):  0.000

 Calculating G Matrix 
    Dgemm MKL #threads=     4    4 Elapsed omp_get_time:     0.0033
 
 Scale by Sum(2pq). Average:   13780.1830357138     

 Detecting samples with similar genotypes
    elapsed time=     0.0
 Tuning G prior to blending with A22

 Tuning: Scale G matrix according to A22 -  Method: 2
    Diagonal A:    1.029    Offdiagonal A:    0.046    All A:    0.082    Difference:   0.983
    Diagonal G:    0.998    Offdiagonal G:   -0.037    All G:   -0.000    Difference:   1.035
    Diff G Diag - G OffDiag:    1.035    (da-oa)/(dg-og):    0.949
    Diff A OffDiag - G OffDiag:    0.083
    Diff A all - G all:    0.082
    a + G*b; a:  0.082       b:  0.949
 Method to select individuals: 1
 Number of individual selected: 28
 
 Blend G as alpha*G + beta*A22: (alpha,beta)     0.950     0.050

 Frequency - Diagonal of G
    N:          28
    Mean:        1.029
    Min:         0.899
    Max:         1.205
    Range:       0.015
    Class:     20
 
  #Class       Class   Count
       1  0.8988           1
       2  0.9141           0
       3  0.9294           1
       4  0.9448           4
       5  0.9601           5
       6  0.9754           2
       7  0.9908           2
       8   1.006           4
       9   1.021           0
      10   1.037           0
      11   1.052           1
      12   1.067           1
      13   1.083           0
      14   1.098           1
      15   1.113           0
      16   1.129           1
      17   1.144           0
      18   1.159           2
      19   1.175           1
      20   1.190           2
      21   1.205           0
 

 Check for diagonal of genomic relationship matrix


 Check for diagonal of genomic relationship matrix, genotypes not removed: 0

 ------------------------------
  Final Pedigree-Based Matrix 
 ------------------------------
 
 Statistic of Rel. Matrix A22
                                N      Mean       Min       Max       Var
     Diagonal                  28     1.029     1.000     1.203     0.002
     Off-diagonal             756     0.046     0.000     0.581     0.004
 

 ----------------------
  Final Genomic Matrix 
 ----------------------
 
 Statistic of Genomic Matrix
                                N      Mean       Min       Max       Var
     Diagonal                  28     1.029     0.899     1.205     0.008
     Off-diagonal             756     0.046    -0.057     0.527     0.006
 

 Correlation of Genomic Inbreeding and Pedigree Inbreeding
     Correlation:     0.3070
 
 Diagonal elements
    Estimating Regression Coefficients G = b0 11' + b1 A + e
    Regression coefficients b0 b1 =      0.375     0.636

    Correlation diagonal elements G & A     0.307
 
 All elements - Diagonal / Off-Diagonal
    Estimating Regression Coefficients G = b0 11' + b1 A + e
    Regression coefficients b0 b1 =      0.002     0.970

    Correlation all elements G & A     0.947
 
 Off-Diagonal
    Using 400 elements from A22 >= .02000

    Estimating Regression Coefficients G = b0 11' + b1 A + e
    Regression coefficients b0 b1 =      0.005     0.792

    Correlation Off-Diagonal elements G & A     0.665
 

*--------------------------------------------------*
* Setup Genomic Done !!!, elapsed time:      0.863 *
*--------------------------------------------------*

/home/leonardo/Escritorio/Doc_p1/eva_genetica/Codigo
 RENUMF90 version 1.162 with zlib
* START job     Wall time: 03-26-2024  12h 10m 12s 276
 name of parameter file? renum.par
 datafile:P365.txt
 traits:           2
 number of weights=            1
 in columns:            0 (0 means no weight)
 R
   1.000    

 Processing effect  1 of type cross     
 item_kind=alpha     

 Processing effect  2 of type cross     
 item_kind=alpha     

 Processing effect  3 of type cov       

 Processing effect  4 of type cov       

 Processing effect  5 of type cross     
 item_kind=alpha     
 pedigree file name  "../../../../Pedigri.txt"
 positions of animal, sire, dam, alternate dam, yob, and group     1     2     3     0     0     0     0
 SNP file name  "../genoP365_2.txt"
 all pedigrees to be included
 Inbreeding coefficients internally calculated with Meuwissen & Luo
 Reading (CO)VARIANCES:           1 x           1

 Maximum size of character fields: 20

 Maximum size of record (max_string_readline): 8000

 Maximum number of fields for input file (max_field_readline): 100

 Pedigree search method (ped_search): convention

 Order of pedigree animals (animal_order): default

 Order of UPG (upg_order): default

 Missing observation code (missing): 0

 Remove the data lines that have missing observations for all traits

  guessed number of lines        15335

 Using prime hash function
 hash tables for effects set up
 first 3 lines of the data file (up to 700 characters)
    JX-98019 468.074306106265 1 BA041999 234 154
    IJ-98077 538.296992481203 1 BA041999 209 150
    IJ-98063 484.589974937343 1 BA041999 227 150
% records read:       6.5210%, records read:       1000 timing           0.01279798
% records read:      13.0421%, records read:       2000 timing           0.02559799
% records read:      19.5631%, records read:       3000 timing           0.03779998
% records read:      26.0841%, records read:       4000 timing           0.04996300
% records read:      32.6052%, records read:       5000 timing           0.06230399
% records read:      39.1262%, records read:       6000 timing           0.07431799
% records read:      45.6472%, records read:       7000 timing           0.08619499
 table expanded from        10000  to        20000  records
% records read:      52.1682%, records read:       8000 timing           0.17827800
% records read:      58.6893%, records read:       9000 timing           0.19071198
% records read:      65.2103%, records read:      10000 timing           0.20349097
% records read:      71.7313%, records read:      11000 timing           0.21677098
% records read:      78.2524%, records read:      12000 timing           0.22968000
% records read:      84.7734%, records read:      13000 timing           0.24270299
% records read:      91.2944%, records read:      14000 timing           0.25590697
 table expanded from        20000  to        40000  records
% records read:      97.8155%, records read:      15000 timing           0.42758301
 read        15328  records in   0.4315610      seconds

 *** Notice ***
     There are 7 lines with all-missing-observations lines, and
     the above number of records (15328) does not include such data.
     The all-missing records will be removed from renf90.dat.
     
 ------------------------------
Processing effect group    1
 table with            2  elements sorted
 added count
 Effect group            1  of column            1  with            2  levels
 table expanded from        10000  to        10000  records
 Effect group            1  done in   4.0701985E-02  seconds
 ------------------------------
Processing effect group    2
 table with          498  elements sorted
 added count
 Effect group            2  of column            1  with          498  levels
 table expanded from        10000  to        10000  records
 Effect group            2  done in   4.8803031E-02  seconds
 ------------------------------
Processing effect group    3
 ------------------------------
Processing effect group    4
 ------------------------------
Processing effect group    5
 added count
 Effect group            5  of column            1  with        15328  levels
 Effect group            5  done in   1.3740063E-03  seconds
 wrote statistics in file "renf90.tables"
 reading data file for basic statistics
% records read:       6.5210%, records read:       1000 timing           0.01163298
% records read:      13.0421%, records read:       2000 timing           0.02309698
% records read:      19.5631%, records read:       3000 timing           0.03455395
% records read:      26.0841%, records read:       4000 timing           0.04609299
% records read:      32.6052%, records read:       5000 timing           0.05766195
% records read:      39.1262%, records read:       6000 timing           0.06944895
% records read:      45.6472%, records read:       7000 timing           0.08100599
% records read:      52.1682%, records read:       8000 timing           0.09245199
% records read:      58.6893%, records read:       9000 timing           0.10364997
% records read:      65.2103%, records read:      10000 timing           0.11476797
% records read:      71.7313%, records read:      11000 timing           0.12574798
% records read:      78.2524%, records read:      12000 timing           0.13683999
% records read:      84.7734%, records read:      13000 timing           0.14803398
% records read:      91.2944%, records read:      14000 timing           0.15922797
% records read:      97.8155%, records read:      15000 timing           0.17064995

 Basic statistics for input data  (missing value code is '0')
 Pos  Min         Max         Mean        SD                 N
   2    283.37      582.64      438.97      58.008       15328
   5    130.00      380.00      253.15      54.075       15335
   6    59.000      402.00      205.47      51.287       15335

 Correlation matrix
        2     5     6
  2   1.00  0.34 -0.39
  5   0.34  1.00 -0.61
  6  -0.39 -0.61  1.00

 Counts of nonzero values (order as above)
      15328     15328     15328
      15328     15335     15335
      15328     15335     15335

 *** Warning ***
     There are 7 lines with all-missing-observations lines.
     Such data will be removed from the final output.
 basic_statistics done in   0.1745600      seconds

 random effect with SNPs  5
 type: animal    
 file: ../genoP365_2.txt
 form: plain text
 read SNPs          28  records
 Effect group            5  of column            1  with        15335  levels
 add_snp done in   8.9001656E-04  seconds
 reorder_animal done in   2.9802322E-06  seconds

 random effect   5
 type:animal    
renumber_animal, start    Wall time: 03-26-2024  12h 10m 13s 265
 opened output pedigree file "renadd05.ped"
 table expanded from        40000  to        80000  records
 table expanded from        80000  to       160000  records
 table expanded from       160000  to       320000  records
 load_animals time    3.953956      seconds
 read       133217  pedigree records
 loaded       117882  parent(s) in round            0

 Pedigree checks
compute_inbreeding time, start    Wall time: 03-26-2024  12h 10m 17s 299

 Computations for inbreeding coefficients
actual inbreeding computation, start    Wall time: 03-26-2024  12h 10m 17s 336
actual inbreeding computation, done     Wall time: 03-26-2024  12h 10m 17s 561
 Tiny negative value will be replaced with 0 considered as numerical error.
 Wrote inbreeding file "renf90.inb" with original id

 Inbreeding statistics:
 the maximum inbreeding coefficient    =  0.5648
 average inbreeding for inbred animals =  0.0713   n = 96778
                       for all animals =  0.0518   n = 133217
compute_inbreeding time, done     Wall time: 03-26-2024  12h 10m 18s 134
 loop writing renadd, time   0.6707931      seconds
 
 Number of animals with records                  =        15328
 Number of animals with genotypes                =           28
 Number of animals with records or genotypes     =        15335
 Number of animals with genotypes and no records =            7
 Number of parents without records or genotypes  =       117882
 Total number of animals                         =       133217
renumber_animal, end      Wall time: 03-26-2024  12h 10m 18s 821

 Wrote cross reference IDs for SNP file "../genoP365_2.txt_XrefID"
 write_SNP_Xref done in   9.8800659E-04  seconds
 write_map done in   1.9073486E-06  seconds

 Wrote parameter file "renf90.par"
 write renf90.par done in   3.3903122E-04  seconds
 writing renf90.dat
% records written:       6.5210%, records written:       1000 timing           0.02038002
% records written:      13.0421%, records written:       2000 timing           0.04069805
% records written:      19.5631%, records written:       3000 timing           0.06135464
% records written:      26.0841%, records written:       4000 timing           0.08188868
% records written:      32.6052%, records written:       5000 timing           0.10226393
% records written:      39.1262%, records written:       6000 timing           0.12247467
% records written:      45.6472%, records written:       7000 timing           0.14287090
% records written:      52.1682%, records written:       8000 timing           0.16312885
% records written:      58.6893%, records written:       9000 timing           0.18366575
% records written:      65.2103%, records written:      10000 timing           0.20394802
% records written:      71.7313%, records written:      11000 timing           0.22414589
% records written:      78.2524%, records written:      12000 timing           0.24465990
% records written:      84.7734%, records written:      13000 timing           0.26510906
% records written:      91.2944%, records written:      14000 timing           0.28580904
% records written:      97.8155%, records written:      15000 timing           0.30629683
 Wrote renumbered data "renf90.dat" 15328 records
 write renf90.dat done in   0.3130188      seconds
 All-observation-missing data detected: 7 records
 The renumbered file "renf90.dat" does not have such data.
 Wrote field information "renf90.fields" for 6 fields in data
 save_renum_table done in   1.5497208E-04  seconds
* END  job     Wall time: 03-26-2024  12h 10m 19s 153
 name of parameter file?
renf90.par
     preGSf90 ver. 1.25

 Parameter file:             renf90.par
 Data file:                  renf90.dat
 Number of Traits             1
 Number of Effects            5
 Position of Observations      1
 Position of Weights           0
 Value of Missing Trait/Observation           0

EFFECTS
 #  type                position (2)        levels   [positions for nested]
    1  cross-classified       2         2
    2  cross-classified       3       498
    3  covariable             4         1
    4  covariable             5         1
    5  cross-classified       6    133217

 Residual (co)variance Matrix
  1.0000    

 Random Effect(s)    5
 Type of Random Effect:      additive animal with unknown parent groups and inbreeding
 Pedigree File:              renadd05.ped                                                                                                                                                                                                                                              
 trait   effect    (CO)VARIANCES
  1       5     1.000    

 REMARKS
  (1) Weight position 0 means no weights utilized
  (2) Effect positions of 0 for some effects and traits means that such
      effects are missing for specified traits
 
 

 Options read from parameter file for genomic
 * SNP format: BLUPF90 standard (text)
 * SNP file: ../genoP365_2.txt
 * SNP Xref file: ../genoP365_2.txt_XrefID
 * NOT CreateGInverse (default=.false.)
 * NOT CreateA22Inverse (default=.false.)
 * NOT CreateGimA22i (default=.false.)
 * Save Clean SNP data to (SNP_file)_clean file (default .false.)
 
 *--------------------------------------------------------------*
 *                 Genomic Library: Dist Version 1.313          *
 *                                                              *
 *             Optimized OpenMP Version -   4 threads            *
 *                                                              *
 *  Modified relationship matrix (H) created for effect:   5    *
 *--------------------------------------------------------------*
 
 Read 133217 animals from pedigree file: "renadd05.ped"
 Number of Genotyped Animals: 28

 Creating A22 
    Extracting subset of: 691 pedigrees from: 133217 elapsed time:     0.0007
    Calculating A22 Matrix by Colleau OpenMP...elapsed time: .0003
    Numbers of threads=4 4

 Reading SNP file
    Column position in file for the first marker: 11
    Format to read SNP file: (10x,400000i1)                                    
    Number of SNPs: 43421
    Format: integer genotypes (0 to 5) to double-precision array
    Number of Genotyped animals: 28
    Reading SNP file elapsed time: .20
 
 Statistics of alleles frequencies in the current population
    N:          43421
    Mean:       0.259
    Min:        0.000
    Max:        0.875
    Var:        0.031
 
 Quality Control - SNPs with Call Rate < callrate ( 0.90) will removed: 0
 
 Quality Control - SNPs with MAF < minfreq ( 0.05) will removed: 5579
 
 Quality Control - Monomorphic SNPs will be removed: 1975

 Quality Control - Removed Animals with Call rate < callrate ( 0.90): 0

 Quality Control - Check Parent-Progeny Mendelian conflicts

    Total animals: 133217 - Genotyped animals: 28 - Effective: 28

    Number of pairs Individual - Sire: 0
    Number of pairs Individual - Dam: 3
    Number of trios Individual - Sire - Dam: 0

    No sex Chromosome information is available !!
    QC for parent-progeny conflicts, HWE or heritability of gene content, could eliminate SNPs in sex Chr
    Provide map information and sex Chr to perform QC using autosomes

 Checking SNPs for Mendelian conflicts
    SNPs not masked, low # parent-progeny evaluations: 3

 Checking Animals for Mendelian conflicts

    Total number of effective SNP for checks on Animals: 37842

    Number of Parent-Progeny Mendelian Conflicts: 0

 Number of effective SNPs (after QC): 37842

 Number of effective Individuals (after QC): 28
 
 Statistics of alleles frequencies in the current population after
 Quality Control (MAF, monomorphic, call rate, HWE, Mendelian conflicts)
    N:          37842
    Mean:       0.294
    Min:        0.054
    Max:        0.875
    Var:        0.026

 List of SNPs removed in: "../genoP365_2.txt_SNPs_removed"

 Clean genotype file was created: "../genoP365_2.txt_clean"

 Cross reference ID file was created: "../genoP365_2.txt_clean_XrefID"

 Genotypes missings (%): 12.849

 Genotypes missings after cleannig (%):  0.000

 Calculating G Matrix 
    Dgemm MKL #threads=     4    4 Elapsed omp_get_time:     0.0029
 
 Scale by Sum(2pq). Average:   13780.1830357138     

 Detecting samples with similar genotypes
    elapsed time=     0.0
 Tuning G prior to blending with A22

 Tuning: Scale G matrix according to A22 -  Method: 2
    Diagonal A:    1.029    Offdiagonal A:    0.046    All A:    0.082    Difference:   0.983
    Diagonal G:    0.998    Offdiagonal G:   -0.037    All G:   -0.000    Difference:   1.035
    Diff G Diag - G OffDiag:    1.035    (da-oa)/(dg-og):    0.949
    Diff A OffDiag - G OffDiag:    0.083
    Diff A all - G all:    0.082
    a + G*b; a:  0.082       b:  0.949
 Method to select individuals: 1
 Number of individual selected: 28
 
 Blend G as alpha*G + beta*A22: (alpha,beta)     0.950     0.050

 Frequency - Diagonal of G
    N:          28
    Mean:        1.029
    Min:         0.899
    Max:         1.205
    Range:       0.015
    Class:     20
 
  #Class       Class   Count
       1  0.8988           1
       2  0.9141           0
       3  0.9294           1
       4  0.9448           4
       5  0.9601           5
       6  0.9754           2
       7  0.9908           2
       8   1.006           4
       9   1.021           0
      10   1.037           0
      11   1.052           1
      12   1.067           1
      13   1.083           0
      14   1.098           1
      15   1.113           0
      16   1.129           1
      17   1.144           0
      18   1.159           2
      19   1.175           1
      20   1.190           2
      21   1.205           0
 

 Check for diagonal of genomic relationship matrix


 Check for diagonal of genomic relationship matrix, genotypes not removed: 0

 ------------------------------
  Final Pedigree-Based Matrix 
 ------------------------------
 
 Statistic of Rel. Matrix A22
                                N      Mean       Min       Max       Var
     Diagonal                  28     1.029     1.000     1.203     0.002
     Off-diagonal             756     0.046     0.000     0.581     0.004
 

 ----------------------
  Final Genomic Matrix 
 ----------------------
 
 Statistic of Genomic Matrix
                                N      Mean       Min       Max       Var
     Diagonal                  28     1.029     0.899     1.205     0.008
     Off-diagonal             756     0.046    -0.057     0.527     0.006
 

 Correlation of Genomic Inbreeding and Pedigree Inbreeding
     Correlation:     0.3070
 
 Diagonal elements
    Estimating Regression Coefficients G = b0 11' + b1 A + e
    Regression coefficients b0 b1 =      0.375     0.636

    Correlation diagonal elements G & A     0.307
 
 All elements - Diagonal / Off-Diagonal
    Estimating Regression Coefficients G = b0 11' + b1 A + e
    Regression coefficients b0 b1 =      0.002     0.970

    Correlation all elements G & A     0.947
 
 Off-Diagonal
    Using 400 elements from A22 >= .02000

    Estimating Regression Coefficients G = b0 11' + b1 A + e
    Regression coefficients b0 b1 =      0.005     0.792

    Correlation Off-Diagonal elements G & A     0.665
 

*--------------------------------------------------*
* Setup Genomic Done !!!, elapsed time:      0.783 *
*--------------------------------------------------*

/home/leonardo/Escritorio/Doc_p1/eva_genetica/Codigo
 RENUMF90 version 1.162 with zlib
* START job     Wall time: 03-26-2024  12h 17m 00s 841
 name of parameter file? renum.par
 datafile:PC.txt
 traits:           2
 number of weights=            1
 in columns:            0 (0 means no weight)
 R
   1.000    

 Processing effect  1 of type cross     
 item_kind=alpha     

 Processing effect  2 of type cross     
 item_kind=alpha     

 Processing effect  3 of type cross     
 item_kind=alpha     

 Processing effect  4 of type cross     
 item_kind=alpha     
 pedigree file name  "../../../../Pedigri.txt"
 positions of animal, sire, dam, alternate dam, yob, and group     1     2     3     0     0     0     0
 SNP file name  "../genoPC_2.txt"
 all pedigrees to be included
 Inbreeding coefficients internally calculated with Meuwissen & Luo
 Reading (CO)VARIANCES:           1 x           1

 Maximum size of character fields: 25

 Maximum size of record (max_string_readline): 8000

 Maximum number of fields for input file (max_field_readline): 100

 Pedigree search method (ped_search): convention

 Order of pedigree animals (animal_order): default

 Order of UPG (upg_order): default

 Missing observation code (missing): 0

 Remove the data lines that have missing observations for all traits

  guessed number of lines        38975

 Using prime hash function
 hash tables for effects set up
 first 3 lines of the data file (up to 700 characters)
    DB-00067 185.2 1 1 ES0501911024620007M2001PC
    DB-00063 208.7 1 1 ES0501911024620007M2001PC
    DB-00066 268.3 1 2 ES0501911024620004M2001PC
% records read:       4.9981%, records read:       1948 timing           0.05120799
% records read:       9.9962%, records read:       3896 timing           0.08436799
% records read:      14.9942%, records read:       5844 timing           0.10968101
 table expanded from        10000  to        20000  records
% records read:      19.9923%, records read:       7792 timing           0.23416501
% records read:      24.9904%, records read:       9740 timing           0.25839600
% records read:      29.9885%, records read:      11688 timing           0.28244099
% records read:      34.9865%, records read:      13636 timing           0.30646202
 table expanded from        20000  to        40000  records
% records read:      39.9846%, records read:      15584 timing           0.52918601
% records read:      44.9827%, records read:      17532 timing           0.55357206
% records read:      49.9808%, records read:      19480 timing           0.57892203
% records read:      54.9788%, records read:      21428 timing           0.60318601
% records read:      59.9769%, records read:      23376 timing           0.62765801
% records read:      64.9750%, records read:      25324 timing           0.65155005
% records read:      69.9731%, records read:      27272 timing           0.67576396
 table expanded from        40000  to        80000  records
% records read:      74.9711%, records read:      29220 timing           1.10089302
% records read:      79.9692%, records read:      31168 timing           1.12496102
% records read:      84.9673%, records read:      33116 timing           1.14869595
% records read:      89.9654%, records read:      35064 timing           1.17321897
% records read:      94.9634%, records read:      37012 timing           1.19746494
% records read:      99.9615%, records read:      38960 timing           1.22142398
 read        38975  records in    1.221629      seconds
 ------------------------------
Processing effect group    1
 table with            2  elements sorted
 added count
 Effect group            1  of column            1  with            2  levels
 table expanded from        10000  to        10000  records
 Effect group            1  done in   5.5984020E-02  seconds
 ------------------------------
Processing effect group    2
 table with            3  elements sorted
 added count
 Effect group            2  of column            1  with            3  levels
 table expanded from        10000  to        10000  records
 Effect group            2  done in   5.7974935E-02  seconds
 ------------------------------
Processing effect group    3
 table with         1318  elements sorted
 added count
 Effect group            3  of column            1  with         1318  levels
 table expanded from        10000  to        10000  records
 Effect group            3  done in   7.0716977E-02  seconds
 ------------------------------
Processing effect group    4
 added count
 Effect group            4  of column            1  with        38975  levels
 Effect group            4  done in   3.3270121E-03  seconds
 wrote statistics in file "renf90.tables"
 reading data file for basic statistics
% records read:       4.9981%, records read:       1948 timing           0.02054906
% records read:       9.9962%, records read:       3896 timing           0.04082406
% records read:      14.9942%, records read:       5844 timing           0.06107903
% records read:      19.9923%, records read:       7792 timing           0.08127201
% records read:      24.9904%, records read:       9740 timing           0.10132003
% records read:      29.9885%, records read:      11688 timing           0.12154508
% records read:      34.9865%, records read:      13636 timing           0.14180601
% records read:      39.9846%, records read:      15584 timing           0.16209006
% records read:      44.9827%, records read:      17532 timing           0.18224800
% records read:      49.9808%, records read:      19480 timing           0.20218003
% records read:      54.9788%, records read:      21428 timing           0.22219503
% records read:      59.9769%, records read:      23376 timing           0.24245608
% records read:      64.9750%, records read:      25324 timing           0.26265907
% records read:      69.9731%, records read:      27272 timing           0.28261209
% records read:      74.9711%, records read:      29220 timing           0.30275309
% records read:      79.9692%, records read:      31168 timing           0.32283604
% records read:      84.9673%, records read:      33116 timing           0.34308517
% records read:      89.9654%, records read:      35064 timing           0.36324298
% records read:      94.9634%, records read:      37012 timing           0.38330710
% records read:      99.9615%, records read:      38960 timing           0.40325415

 Basic statistics for input data  (missing value code is '0')
 Pos  Min         Max         Mean        SD                 N
   2    169.00      427.40      298.30      40.713       38975
 basic_statistics done in   0.4034590      seconds

 random effect with SNPs  4
 type: animal    
 file: ../genoPC_2.txt
 form: plain text
 read SNPs          13  records
 Effect group            4  of column            1  with        38975  levels
 add_snp done in   1.1291504E-03  seconds
 reorder_animal done in   1.9073486E-06  seconds

 random effect   4
 type:animal    
renumber_animal, start    Wall time: 03-26-2024  12h 17m 03s 156
 opened output pedigree file "renadd04.ped"
 table expanded from        80000  to       160000  records
 table expanded from       160000  to       320000  records
 load_animals time    4.095661      seconds
 read       133217  pedigree records
 loaded        94242  parent(s) in round            0

 Pedigree checks
compute_inbreeding time, start    Wall time: 03-26-2024  12h 17m 07s 330

 Computations for inbreeding coefficients
actual inbreeding computation, start    Wall time: 03-26-2024  12h 17m 07s 368
actual inbreeding computation, done     Wall time: 03-26-2024  12h 17m 07s 606
 Tiny negative value will be replaced with 0 considered as numerical error.
 Wrote inbreeding file "renf90.inb" with original id

 Inbreeding statistics:
 the maximum inbreeding coefficient    =  0.5648
 average inbreeding for inbred animals =  0.0713   n = 96778
                       for all animals =  0.0518   n = 133217
compute_inbreeding time, done     Wall time: 03-26-2024  12h 17m 08s 163
 loop writing renadd, time   0.6749878      seconds
 
 Number of animals with records                  =        38975
 Number of animals with genotypes                =           13
 Number of animals with records or genotypes     =        38975
 Number of animals with genotypes and no records =            0
 Number of parents without records or genotypes  =        94242
 Total number of animals                         =       133217
renumber_animal, end      Wall time: 03-26-2024  12h 17m 08s 867

 Wrote cross reference IDs for SNP file "../genoPC_2.txt_XrefID"
 write_SNP_Xref done in   6.4229965E-04  seconds
 write_map done in   2.8610229E-06  seconds

 Wrote parameter file "renf90.par"
 write renf90.par done in   4.1627884E-04  seconds
 writing renf90.dat
% records written:       4.9981%, records written:       1948 timing           0.04081535
% records written:       9.9962%, records written:       3896 timing           0.08119822
% records written:      14.9942%, records written:       5844 timing           0.12145615
% records written:      19.9923%, records written:       7792 timing           0.16145229
% records written:      24.9904%, records written:       9740 timing           0.20195103
% records written:      29.9885%, records written:      11688 timing           0.24243832
% records written:      34.9865%, records written:      13636 timing           0.28252029
% records written:      39.9846%, records written:      15584 timing           0.32306480
% records written:      44.9827%, records written:      17532 timing           0.36306000
% records written:      49.9808%, records written:      19480 timing           0.40369415
% records written:      54.9788%, records written:      21428 timing           0.44533825
% records written:      59.9769%, records written:      23376 timing           0.48673344
% records written:      64.9750%, records written:      25324 timing           0.52769852
% records written:      69.9731%, records written:      27272 timing           0.56886673
% records written:      74.9711%, records written:      29220 timing           0.61113358
% records written:      79.9692%, records written:      31168 timing           0.65352535
% records written:      84.9673%, records written:      33116 timing           0.69534779
% records written:      89.9654%, records written:      35064 timing           0.73735523
% records written:      94.9634%, records written:      37012 timing           0.77932739
% records written:      99.9615%, records written:      38960 timing           0.82141685
 Wrote renumbered data "renf90.dat" 38975 records
 write renf90.dat done in   0.8217688      seconds
 Wrote field information "renf90.fields" for 5 fields in data
 save_renum_table done in   2.0313263E-04  seconds
* END  job     Wall time: 03-26-2024  12h 17m 09s 726
 name of parameter file?
renf90.par
     preGSf90 ver. 1.25

 Parameter file:             renf90.par
 Data file:                  renf90.dat
 Number of Traits             1
 Number of Effects            4
 Position of Observations      1
 Position of Weights           0
 Value of Missing Trait/Observation           0

EFFECTS
 #  type                position (2)        levels   [positions for nested]
    1  cross-classified       2         2
    2  cross-classified       3         3
    3  cross-classified       4      1318
    4  cross-classified       5    133217

 Residual (co)variance Matrix
  1.0000    

 Random Effect(s)    4
 Type of Random Effect:      additive animal with unknown parent groups and inbreeding
 Pedigree File:              renadd04.ped                                                                                                                                                                                                                                              
 trait   effect    (CO)VARIANCES
  1       4     1.000    

 REMARKS
  (1) Weight position 0 means no weights utilized
  (2) Effect positions of 0 for some effects and traits means that such
      effects are missing for specified traits
 
 

 Options read from parameter file for genomic
 * SNP format: BLUPF90 standard (text)
 * SNP file: ../genoPC_2.txt
 * SNP Xref file: ../genoPC_2.txt_XrefID
 * NOT CreateGInverse (default=.false.)
 * NOT CreateA22Inverse (default=.false.)
 * NOT CreateGimA22i (default=.false.)
 * Save Clean SNP data to (SNP_file)_clean file (default .false.)
 
 *--------------------------------------------------------------*
 *                 Genomic Library: Dist Version 1.313          *
 *                                                              *
 *             Optimized OpenMP Version -   4 threads            *
 *                                                              *
 *  Modified relationship matrix (H) created for effect:   4    *
 *--------------------------------------------------------------*
 
 Read 133217 animals from pedigree file: "renadd04.ped"
 Number of Genotyped Animals: 13

 Creating A22 
    Extracting subset of: 750 pedigrees from: 133217 elapsed time:     0.0007
    Calculating A22 Matrix by Colleau OpenMP...elapsed time: .0021
    Numbers of threads=4 4

 Reading SNP file
    Column position in file for the first marker: 11
    Format to read SNP file: (10x,400000i1)                                    
    Number of SNPs: 43421
    Format: integer genotypes (0 to 5) to double-precision array
    Number of Genotyped animals: 13
    Reading SNP file elapsed time: .09
 
 Statistics of alleles frequencies in the current population
    N:          43421
    Mean:       0.260
    Min:        0.000
    Max:        0.846
    Var:        0.029
 
 Quality Control - SNPs with Call Rate < callrate ( 0.90) will removed: 0
 
 Quality Control - SNPs with MAF < minfreq ( 0.05) will removed: 6014
 
 Quality Control - Monomorphic SNPs will be removed: 2769

 Quality Control - Removed Animals with Call rate < callrate ( 0.90): 0

 Quality Control - Check Parent-Progeny Mendelian conflicts

    Total animals: 133217 - Genotyped animals: 13 - Effective: 13

    Number of pairs Individual - Sire: 0
    Number of pairs Individual - Dam: 0
    Number of trios Individual - Sire - Dam: 0

    No sex Chromosome information is available !!
    QC for parent-progeny conflicts, HWE or heritability of gene content, could eliminate SNPs in sex Chr
    Provide map information and sex Chr to perform QC using autosomes

 Checking SNPs for Mendelian conflicts
    SNPs not masked, low # parent-progeny evaluations: 0

 Checking Animals for Mendelian conflicts

    Total number of effective SNP for checks on Animals: 37407

    Number of Parent-Progeny Mendelian Conflicts: 0

 Number of effective SNPs (after QC): 37407

 Number of effective Individuals (after QC): 13
 
 Statistics of alleles frequencies in the current population after
 Quality Control (MAF, monomorphic, call rate, HWE, Mendelian conflicts)
    N:          37407
    Mean:       0.299
    Min:        0.077
    Max:        0.846
    Var:        0.022

 List of SNPs removed in: "../genoPC_2.txt_SNPs_removed"

 Clean genotype file was created: "../genoPC_2.txt_clean"

 Cross reference ID file was created: "../genoPC_2.txt_clean_XrefID"

 Genotypes missings (%): 13.850

 Genotypes missings after cleannig (%):  0.000

 Calculating G Matrix 
    Dgemm MKL #threads=     4    4 Elapsed omp_get_time:     0.0012
 
 Scale by Sum(2pq). Average:   13998.9556213002     

 Detecting samples with similar genotypes
    elapsed time=     0.0
 Tuning G prior to blending with A22

 Tuning: Scale G matrix according to A22 -  Method: 2
    Diagonal A:    1.009    Offdiagonal A:    0.022    All A:    0.098    Difference:   0.987
    Diagonal G:    0.974    Offdiagonal G:   -0.081    All G:    0.000    Difference:   1.055
    Diff G Diag - G OffDiag:    1.055    (da-oa)/(dg-og):    0.935
    Diff A OffDiag - G OffDiag:    0.103
    Diff A all - G all:    0.098
    a + G*b; a:  0.098       b:  0.935
 Method to select individuals: 1
 Number of individual selected: 13
 
 Blend G as alpha*G + beta*A22: (alpha,beta)     0.950     0.050

 Frequency - Diagonal of G
    N:          13
    Mean:        1.009
    Min:         0.965
    Max:         1.086
    Range:       0.006
    Class:     20
 
  #Class       Class   Count
       1  0.9647           2
       2  0.9708           1
       3  0.9768           0
       4  0.9829           0
       5  0.9890           2
       6  0.9951           2
       7   1.001           0
       8   1.007           2
       9   1.013           0
      10   1.019           0
      11   1.026           1
      12   1.032           0
      13   1.038           0
      14   1.044           1
      15   1.050           1
      16   1.056           0
      17   1.062           0
      18   1.068           0
      19   1.074           0
      20   1.080           1
      21   1.086           0
 

 Check for diagonal of genomic relationship matrix


 Check for diagonal of genomic relationship matrix, genotypes not removed: 0

 ------------------------------
  Final Pedigree-Based Matrix 
 ------------------------------
 
 Statistic of Rel. Matrix A22
                                N      Mean       Min       Max       Var
     Diagonal                  13     1.009     1.000     1.034     0.000
     Off-diagonal             156     0.022     0.001     0.261     0.001
 

 ----------------------
  Final Genomic Matrix 
 ----------------------
 
 Statistic of Genomic Matrix
                                N      Mean       Min       Max       Var
     Diagonal                  13     1.009     0.965     1.086     0.001
     Off-diagonal             156     0.022    -0.036     0.302     0.002
 

 Correlation of Genomic Inbreeding and Pedigree Inbreeding
     Correlation:     0.1809
 
 Diagonal elements
    Estimating Regression Coefficients G = b0 11' + b1 A + e
    Regression coefficients b0 b1 =      0.455     0.550

    Correlation diagonal elements G & A     0.181
 
 All elements - Diagonal / Off-Diagonal
    Estimating Regression Coefficients G = b0 11' + b1 A + e
    Regression coefficients b0 b1 =      0.000     1.000

    Correlation all elements G & A     0.994
 
 Off-Diagonal
    Using 58 elements from A22 >= .02000

    Estimating Regression Coefficients G = b0 11' + b1 A + e
    Regression coefficients b0 b1 =     -0.007     1.054

    Correlation Off-Diagonal elements G & A     0.798
 

*--------------------------------------------------*
* Setup Genomic Done !!!, elapsed time:      0.709 *
*--------------------------------------------------*

/home/leonardo/Escritorio/Doc_p1/eva_genetica/Codigo
 RENUMF90 version 1.162 with zlib
* START job     Wall time: 03-26-2024  12h 17m 13s 431
 name of parameter file? renum.par
 datafile:PC.txt
 traits:           2
 number of weights=            1
 in columns:            0 (0 means no weight)
 R
   1.000    

 Processing effect  1 of type cross     
 item_kind=alpha     

 Processing effect  2 of type cross     
 item_kind=alpha     

 Processing effect  3 of type cross     
 item_kind=alpha     

 Processing effect  4 of type cross     
 item_kind=alpha     
 pedigree file name  "../../../../Pedigri.txt"
 positions of animal, sire, dam, alternate dam, yob, and group     1     2     3     0     0     0     0
 SNP file name  "../genoPC_2.txt"
 all pedigrees to be included
 Inbreeding coefficients internally calculated with Meuwissen & Luo
 Reading (CO)VARIANCES:           1 x           1

 Maximum size of character fields: 25

 Maximum size of record (max_string_readline): 8000

 Maximum number of fields for input file (max_field_readline): 100

 Pedigree search method (ped_search): convention

 Order of pedigree animals (animal_order): default

 Order of UPG (upg_order): default

 Missing observation code (missing): 0

 Remove the data lines that have missing observations for all traits

  guessed number of lines        38975

 Using prime hash function
 hash tables for effects set up
 first 3 lines of the data file (up to 700 characters)
    DB-00067 185.2 1 1 ES0501911024620007M2001PC
    DB-00063 208.7 1 1 ES0501911024620007M2001PC
    DB-00066 268.3 1 2 ES0501911024620004M2001PC
% records read:       4.9981%, records read:       1948 timing           0.02543099
% records read:       9.9962%, records read:       3896 timing           0.05058400
% records read:      14.9942%, records read:       5844 timing           0.07574500
 table expanded from        10000  to        20000  records
% records read:      19.9923%, records read:       7792 timing           0.20534401
% records read:      24.9904%, records read:       9740 timing           0.23082800
% records read:      29.9885%, records read:      11688 timing           0.25590700
% records read:      34.9865%, records read:      13636 timing           0.28121001
 table expanded from        20000  to        40000  records
% records read:      39.9846%, records read:      15584 timing           0.51340604
% records read:      44.9827%, records read:      17532 timing           0.53925300
% records read:      49.9808%, records read:      19480 timing           0.56434101
% records read:      54.9788%, records read:      21428 timing           0.58979702
% records read:      59.9769%, records read:      23376 timing           0.61520600
% records read:      64.9750%, records read:      25324 timing           0.64031100
% records read:      69.9731%, records read:      27272 timing           0.66511899
 table expanded from        40000  to        80000  records
% records read:      74.9711%, records read:      29220 timing           1.09627497
% records read:      79.9692%, records read:      31168 timing           1.12138200
% records read:      84.9673%, records read:      33116 timing           1.14633501
% records read:      89.9654%, records read:      35064 timing           1.17137504
% records read:      94.9634%, records read:      37012 timing           1.19627500
% records read:      99.9615%, records read:      38960 timing           1.22181106
 read        38972  records in    1.221983      seconds

 *** Notice ***
     There are 3 lines with all-missing-observations lines, and
     the above number of records (38972) does not include such data.
     The all-missing records will be removed from renf90.dat.
     
 ------------------------------
Processing effect group    1
 table with            2  elements sorted
 added count
 Effect group            1  of column            1  with            2  levels
 table expanded from        10000  to        10000  records
 Effect group            1  done in   5.7326078E-02  seconds
 ------------------------------
Processing effect group    2
 table with            3  elements sorted
 added count
 Effect group            2  of column            1  with            3  levels
 table expanded from        10000  to        10000  records
 Effect group            2  done in   5.7570934E-02  seconds
 ------------------------------
Processing effect group    3
 table with         1318  elements sorted
 added count
 Effect group            3  of column            1  with         1318  levels
 table expanded from        10000  to        10000  records
 Effect group            3  done in   7.0940018E-02  seconds
 ------------------------------
Processing effect group    4
 added count
 Effect group            4  of column            1  with        38972  levels
 Effect group            4  done in   3.2160282E-03  seconds
 wrote statistics in file "renf90.tables"
 reading data file for basic statistics
% records read:       4.9981%, records read:       1948 timing           0.02076900
% records read:       9.9962%, records read:       3896 timing           0.04110801
% records read:      14.9942%, records read:       5844 timing           0.06158793
% records read:      19.9923%, records read:       7792 timing           0.08210099
% records read:      24.9904%, records read:       9740 timing           0.10270798
% records read:      29.9885%, records read:      11688 timing           0.12313497
% records read:      34.9865%, records read:      13636 timing           0.14343095
% records read:      39.9846%, records read:      15584 timing           0.16366792
% records read:      44.9827%, records read:      17532 timing           0.18446791
% records read:      49.9808%, records read:      19480 timing           0.20512998
% records read:      54.9788%, records read:      21428 timing           0.22577298
% records read:      59.9769%, records read:      23376 timing           0.24613690
% records read:      64.9750%, records read:      25324 timing           0.26668096
% records read:      69.9731%, records read:      27272 timing           0.28734493
% records read:      74.9711%, records read:      29220 timing           0.30794096
% records read:      79.9692%, records read:      31168 timing           0.32836497
% records read:      84.9673%, records read:      33116 timing           0.34859693
% records read:      89.9654%, records read:      35064 timing           0.36887586
% records read:      94.9634%, records read:      37012 timing           0.38936007
% records read:      99.9615%, records read:      38960 timing           0.40962708

 Basic statistics for input data  (missing value code is '0')
 Pos  Min         Max         Mean        SD                 N
   2    169.00      427.40      298.30      40.711       38972

 *** Warning ***
     There are 3 lines with all-missing-observations lines.
     Such data will be removed from the final output.
 basic_statistics done in   0.4098641      seconds

 random effect with SNPs  4
 type: animal    
 file: ../genoPC_2.txt
 form: plain text
 read SNPs          13  records
 Effect group            4  of column            1  with        38975  levels
 add_snp done in   5.3095818E-04  seconds
 reorder_animal done in   2.8610229E-06  seconds

 random effect   4
 type:animal    
renumber_animal, start    Wall time: 03-26-2024  12h 17m 15s 522
 opened output pedigree file "renadd04.ped"
 table expanded from        80000  to       160000  records
 table expanded from       160000  to       320000  records
 load_animals time    4.120477      seconds
 read       133217  pedigree records
 loaded        94242  parent(s) in round            0

 Pedigree checks
compute_inbreeding time, start    Wall time: 03-26-2024  12h 17m 19s 721

 Computations for inbreeding coefficients
actual inbreeding computation, start    Wall time: 03-26-2024  12h 17m 19s 760
actual inbreeding computation, done     Wall time: 03-26-2024  12h 17m 19s 996
 Tiny negative value will be replaced with 0 considered as numerical error.
 Wrote inbreeding file "renf90.inb" with original id

 Inbreeding statistics:
 the maximum inbreeding coefficient    =  0.5648
 average inbreeding for inbred animals =  0.0713   n = 96778
                       for all animals =  0.0518   n = 133217
compute_inbreeding time, done     Wall time: 03-26-2024  12h 17m 20s 565
 loop writing renadd, time   0.6761279      seconds
 
 Number of animals with records                  =        38972
 Number of animals with genotypes                =           13
 Number of animals with records or genotypes     =        38975
 Number of animals with genotypes and no records =            3
 Number of parents without records or genotypes  =        94242
 Total number of animals                         =       133217
renumber_animal, end      Wall time: 03-26-2024  12h 17m 21s 267

 Wrote cross reference IDs for SNP file "../genoPC_2.txt_XrefID"
 write_SNP_Xref done in   5.1307678E-04  seconds
 write_map done in   3.3378601E-06  seconds

 Wrote parameter file "renf90.par"
 write renf90.par done in   3.5619736E-04  seconds
 writing renf90.dat
% records written:       4.9981%, records written:       1948 timing           0.04066610
% records written:       9.9962%, records written:       3896 timing           0.08156776
% records written:      14.9942%, records written:       5844 timing           0.12174082
% records written:      19.9923%, records written:       7792 timing           0.16215992
% records written:      24.9904%, records written:       9740 timing           0.20243979
% records written:      29.9885%, records written:      11688 timing           0.24273777
% records written:      34.9865%, records written:      13636 timing           0.28323174
% records written:      39.9846%, records written:      15584 timing           0.32385159
% records written:      44.9827%, records written:      17532 timing           0.36434555
% records written:      49.9808%, records written:      19480 timing           0.40493107
% records written:      54.9788%, records written:      21428 timing           0.44550705
% records written:      59.9769%, records written:      23376 timing           0.48605442
% records written:      64.9750%, records written:      25324 timing           0.52620506
% records written:      69.9731%, records written:      27272 timing           0.56659794
% records written:      74.9711%, records written:      29220 timing           0.60707378
% records written:      79.9692%, records written:      31168 timing           0.64826012
% records written:      84.9673%, records written:      33116 timing           0.68837929
% records written:      89.9654%, records written:      35064 timing           0.72917366
% records written:      94.9634%, records written:      37012 timing           0.76931667
% records written:      99.9615%, records written:      38960 timing           0.80953026
 Wrote renumbered data "renf90.dat" 38972 records
 write renf90.dat done in   0.8098087      seconds
 All-observation-missing data detected: 3 records
 The renumbered file "renf90.dat" does not have such data.
 Wrote field information "renf90.fields" for 5 fields in data
 save_renum_table done in   1.7833710E-04  seconds
* END  job     Wall time: 03-26-2024  12h 17m 22s 117
 name of parameter file?
renf90.par
     preGSf90 ver. 1.25

 Parameter file:             renf90.par
 Data file:                  renf90.dat
 Number of Traits             1
 Number of Effects            4
 Position of Observations      1
 Position of Weights           0
 Value of Missing Trait/Observation           0

EFFECTS
 #  type                position (2)        levels   [positions for nested]
    1  cross-classified       2         2
    2  cross-classified       3         3
    3  cross-classified       4      1318
    4  cross-classified       5    133217

 Residual (co)variance Matrix
  1.0000    

 Random Effect(s)    4
 Type of Random Effect:      additive animal with unknown parent groups and inbreeding
 Pedigree File:              renadd04.ped                                                                                                                                                                                                                                              
 trait   effect    (CO)VARIANCES
  1       4     1.000    

 REMARKS
  (1) Weight position 0 means no weights utilized
  (2) Effect positions of 0 for some effects and traits means that such
      effects are missing for specified traits
 
 

 Options read from parameter file for genomic
 * SNP format: BLUPF90 standard (text)
 * SNP file: ../genoPC_2.txt
 * SNP Xref file: ../genoPC_2.txt_XrefID
 * NOT CreateGInverse (default=.false.)
 * NOT CreateA22Inverse (default=.false.)
 * NOT CreateGimA22i (default=.false.)
 * Save Clean SNP data to (SNP_file)_clean file (default .false.)
 
 *--------------------------------------------------------------*
 *                 Genomic Library: Dist Version 1.313          *
 *                                                              *
 *             Optimized OpenMP Version -   4 threads            *
 *                                                              *
 *  Modified relationship matrix (H) created for effect:   4    *
 *--------------------------------------------------------------*
 
 Read 133217 animals from pedigree file: "renadd04.ped"
 Number of Genotyped Animals: 13

 Creating A22 
    Extracting subset of: 750 pedigrees from: 133217 elapsed time:     0.0007
    Calculating A22 Matrix by Colleau OpenMP...elapsed time: .0025
    Numbers of threads=4 4

 Reading SNP file
    Column position in file for the first marker: 11
    Format to read SNP file: (10x,400000i1)                                    
    Number of SNPs: 43421
    Format: integer genotypes (0 to 5) to double-precision array
    Number of Genotyped animals: 13
    Reading SNP file elapsed time: .09
 
 Statistics of alleles frequencies in the current population
    N:          43421
    Mean:       0.260
    Min:        0.000
    Max:        0.846
    Var:        0.029
 
 Quality Control - SNPs with Call Rate < callrate ( 0.90) will removed: 0
 
 Quality Control - SNPs with MAF < minfreq ( 0.05) will removed: 6014
 
 Quality Control - Monomorphic SNPs will be removed: 2769

 Quality Control - Removed Animals with Call rate < callrate ( 0.90): 0

 Quality Control - Check Parent-Progeny Mendelian conflicts

    Total animals: 133217 - Genotyped animals: 13 - Effective: 13

    Number of pairs Individual - Sire: 0
    Number of pairs Individual - Dam: 0
    Number of trios Individual - Sire - Dam: 0

    No sex Chromosome information is available !!
    QC for parent-progeny conflicts, HWE or heritability of gene content, could eliminate SNPs in sex Chr
    Provide map information and sex Chr to perform QC using autosomes

 Checking SNPs for Mendelian conflicts
    SNPs not masked, low # parent-progeny evaluations: 0

 Checking Animals for Mendelian conflicts

    Total number of effective SNP for checks on Animals: 37407

    Number of Parent-Progeny Mendelian Conflicts: 0

 Number of effective SNPs (after QC): 37407

 Number of effective Individuals (after QC): 13
 
 Statistics of alleles frequencies in the current population after
 Quality Control (MAF, monomorphic, call rate, HWE, Mendelian conflicts)
    N:          37407
    Mean:       0.299
    Min:        0.077
    Max:        0.846
    Var:        0.022

 List of SNPs removed in: "../genoPC_2.txt_SNPs_removed"

 Clean genotype file was created: "../genoPC_2.txt_clean"

 Cross reference ID file was created: "../genoPC_2.txt_clean_XrefID"

 Genotypes missings (%): 13.850

 Genotypes missings after cleannig (%):  0.000

 Calculating G Matrix 
    Dgemm MKL #threads=     4    4 Elapsed omp_get_time:     0.0011
 
 Scale by Sum(2pq). Average:   13998.9556213002     

 Detecting samples with similar genotypes
    elapsed time=     0.0
 Tuning G prior to blending with A22

 Tuning: Scale G matrix according to A22 -  Method: 2
    Diagonal A:    1.009    Offdiagonal A:    0.022    All A:    0.098    Difference:   0.987
    Diagonal G:    0.974    Offdiagonal G:   -0.081    All G:    0.000    Difference:   1.055
    Diff G Diag - G OffDiag:    1.055    (da-oa)/(dg-og):    0.935
    Diff A OffDiag - G OffDiag:    0.103
    Diff A all - G all:    0.098
    a + G*b; a:  0.098       b:  0.935
 Method to select individuals: 1
 Number of individual selected: 13
 
 Blend G as alpha*G + beta*A22: (alpha,beta)     0.950     0.050

 Frequency - Diagonal of G
    N:          13
    Mean:        1.009
    Min:         0.965
    Max:         1.086
    Range:       0.006
    Class:     20
 
  #Class       Class   Count
       1  0.9647           2
       2  0.9708           1
       3  0.9768           0
       4  0.9829           0
       5  0.9890           2
       6  0.9951           2
       7   1.001           0
       8   1.007           2
       9   1.013           0
      10   1.019           0
      11   1.026           1
      12   1.032           0
      13   1.038           0
      14   1.044           1
      15   1.050           1
      16   1.056           0
      17   1.062           0
      18   1.068           0
      19   1.074           0
      20   1.080           1
      21   1.086           0
 

 Check for diagonal of genomic relationship matrix


 Check for diagonal of genomic relationship matrix, genotypes not removed: 0

 ------------------------------
  Final Pedigree-Based Matrix 
 ------------------------------
 
 Statistic of Rel. Matrix A22
                                N      Mean       Min       Max       Var
     Diagonal                  13     1.009     1.000     1.034     0.000
     Off-diagonal             156     0.022     0.001     0.261     0.001
 

 ----------------------
  Final Genomic Matrix 
 ----------------------
 
 Statistic of Genomic Matrix
                                N      Mean       Min       Max       Var
     Diagonal                  13     1.009     0.965     1.086     0.001
     Off-diagonal             156     0.022    -0.036     0.302     0.002
 

 Correlation of Genomic Inbreeding and Pedigree Inbreeding
     Correlation:     0.1809
 
 Diagonal elements
    Estimating Regression Coefficients G = b0 11' + b1 A + e
    Regression coefficients b0 b1 =      0.455     0.550

    Correlation diagonal elements G & A     0.181
 
 All elements - Diagonal / Off-Diagonal
    Estimating Regression Coefficients G = b0 11' + b1 A + e
    Regression coefficients b0 b1 =      0.000     1.000

    Correlation all elements G & A     0.994
 
 Off-Diagonal
    Using 58 elements from A22 >= .02000

    Estimating Regression Coefficients G = b0 11' + b1 A + e
    Regression coefficients b0 b1 =     -0.007     1.054

    Correlation Off-Diagonal elements G & A     0.798
 

*--------------------------------------------------*
* Setup Genomic Done !!!, elapsed time:      0.715 *
*--------------------------------------------------*

/home/leonardo/Escritorio/Doc_p1/eva_genetica/Codigo
 RENUMF90 version 1.162 with zlib
* START job     Wall time: 03-26-2024  12h 22m 40s 607
 name of parameter file? renum.par
 datafile:RC.txt
 traits:           2
 number of weights=            1
 in columns:            0 (0 means no weight)
 R
   1.000    

 Processing effect  1 of type cross     
 item_kind=alpha     

 Processing effect  2 of type cross     
 item_kind=alpha     

 Processing effect  3 of type cross     
 item_kind=alpha     

 Processing effect  4 of type cross     
 item_kind=alpha     
 pedigree file name  "../../../../Pedigri.txt"
 positions of animal, sire, dam, alternate dam, yob, and group     1     2     3     0     0     0     0
 SNP file name  "../genoRC_2.txt"
 all pedigrees to be included
 Inbreeding coefficients internally calculated with Meuwissen & Luo
 Reading (CO)VARIANCES:           1 x           1

 Maximum size of character fields: 25

 Maximum size of record (max_string_readline): 8000

 Maximum number of fields for input file (max_field_readline): 100

 Pedigree search method (ped_search): convention

 Order of pedigree animals (animal_order): default

 Order of UPG (upg_order): default

 Missing observation code (missing): 0

 Remove the data lines that have missing observations for all traits

  guessed number of lines        21314

 Using prime hash function
 hash tables for effects set up
 first 3 lines of the data file (up to 700 characters)
    DB-00067 52.6136363636364 1 1 ES0501911024620007M2001RC
    DB-00063 51.6584158415842 1 1 ES0501911024620007M2001RC
    DB-00066 53.7675350701403 1 2 ES0501911024620004M2001RC
% records read:       4.9967%, records read:       1065 timing           0.02246401
% records read:       9.9934%, records read:       2130 timing           0.04323700
% records read:      14.9901%, records read:       3195 timing           0.05988401
% records read:      19.9869%, records read:       4260 timing           0.07435200
% records read:      24.9836%, records read:       5325 timing           0.08784100
% records read:      29.9803%, records read:       6390 timing           0.10111001
 table expanded from        10000  to        20000  records
% records read:      34.9770%, records read:       7455 timing           0.21514899
% records read:      39.9737%, records read:       8520 timing           0.22861400
% records read:      44.9704%, records read:       9585 timing           0.24177200
% records read:      49.9672%, records read:      10650 timing           0.25518098
% records read:      54.9639%, records read:      11715 timing           0.26925400
% records read:      59.9606%, records read:      12780 timing           0.28345200
% records read:      64.9573%, records read:      13845 timing           0.29705897
 table expanded from        20000  to        40000  records
% records read:      69.9540%, records read:      14910 timing           0.51127601
% records read:      74.9507%, records read:      15975 timing           0.52467799
% records read:      79.9475%, records read:      17040 timing           0.53782403
% records read:      84.9442%, records read:      18105 timing           0.55120504
% records read:      89.9409%, records read:      19170 timing           0.56438398
% records read:      94.9376%, records read:      20235 timing           0.57756400
% records read:      99.9343%, records read:      21300 timing           0.59071398
 read        21314  records in   0.5909210      seconds
 ------------------------------
Processing effect group    1
 table with            2  elements sorted
 added count
 Effect group            1  of column            1  with            2  levels
 table expanded from        10000  to        10000  records
 Effect group            1  done in   5.5938005E-02  seconds
 ------------------------------
Processing effect group    2
 table with            3  elements sorted
 added count
 Effect group            2  of column            1  with            3  levels
 table expanded from        10000  to        10000  records
 Effect group            2  done in   5.7579041E-02  seconds
 ------------------------------
Processing effect group    3
 table with          270  elements sorted
 added count
 Effect group            3  of column            1  with          270  levels
 table expanded from        10000  to        10000  records
 Effect group            3  done in   5.8916986E-02  seconds
 ------------------------------
Processing effect group    4
 added count
 Effect group            4  of column            1  with        21314  levels
 Effect group            4  done in   1.7600060E-03  seconds
 wrote statistics in file "renf90.tables"
 reading data file for basic statistics
% records read:       4.9967%, records read:       1065 timing           0.01099896
% records read:       9.9934%, records read:       2130 timing           0.02187705
% records read:      14.9901%, records read:       3195 timing           0.03271401
% records read:      19.9869%, records read:       4260 timing           0.04339194
% records read:      24.9836%, records read:       5325 timing           0.05445695
% records read:      29.9803%, records read:       6390 timing           0.06525898
% records read:      34.9770%, records read:       7455 timing           0.07616198
% records read:      39.9737%, records read:       8520 timing           0.08698905
% records read:      44.9704%, records read:       9585 timing           0.09784997
% records read:      49.9672%, records read:      10650 timing           0.10855901
% records read:      54.9639%, records read:      11715 timing           0.11943102
% records read:      59.9606%, records read:      12780 timing           0.13009906
% records read:      64.9573%, records read:      13845 timing           0.14094901
% records read:      69.9540%, records read:      14910 timing           0.15191495
% records read:      74.9507%, records read:      15975 timing           0.16263294
% records read:      79.9475%, records read:      17040 timing           0.17352200
% records read:      84.9442%, records read:      18105 timing           0.18448198
% records read:      89.9409%, records read:      19170 timing           0.19537997
% records read:      94.9376%, records read:      20235 timing           0.20631206
% records read:      99.9343%, records read:      21300 timing           0.21729803

 Basic statistics for input data  (missing value code is '0')
 Pos  Min         Max         Mean        SD                 N
   2    49.140      61.794      55.505      1.8888       21314
 basic_statistics done in   0.2174730      seconds

 random effect with SNPs  4
 type: animal    
 file: ../genoRC_2.txt
 form: plain text
 read SNPs          10  records
 Effect group            4  of column            1  with        21314  levels
 add_snp done in   1.0910034E-03  seconds
 reorder_animal done in   2.0265579E-06  seconds

 random effect   4
 type:animal    
renumber_animal, start    Wall time: 03-26-2024  12h 22m 41s 944
 opened output pedigree file "renadd04.ped"
 table expanded from        40000  to        80000  records
 table expanded from        80000  to       160000  records
 table expanded from       160000  to       320000  records
 load_animals time    4.510432      seconds
 read       133217  pedigree records
 loaded       111903  parent(s) in round            0

 Pedigree checks
compute_inbreeding time, start    Wall time: 03-26-2024  12h 22m 46s 864

 Computations for inbreeding coefficients
actual inbreeding computation, start    Wall time: 03-26-2024  12h 22m 46s 902
actual inbreeding computation, done     Wall time: 03-26-2024  12h 22m 47s 128
 Tiny negative value will be replaced with 0 considered as numerical error.
 Wrote inbreeding file "renf90.inb" with original id

 Inbreeding statistics:
 the maximum inbreeding coefficient    =  0.5648
 average inbreeding for inbred animals =  0.0713   n = 96778
                       for all animals =  0.0518   n = 133217
compute_inbreeding time, done     Wall time: 03-26-2024  12h 22m 47s 698
 loop writing renadd, time   0.6758380      seconds
 
 Number of animals with records                  =        21314
 Number of animals with genotypes                =           10
 Number of animals with records or genotypes     =        21314
 Number of animals with genotypes and no records =            0
 Number of parents without records or genotypes  =       111903
 Total number of animals                         =       133217
renumber_animal, end      Wall time: 03-26-2024  12h 22m 48s 396

 Wrote cross reference IDs for SNP file "../genoRC_2.txt_XrefID"
 write_SNP_Xref done in   5.6982040E-04  seconds
 write_map done in   3.3378601E-06  seconds

 Wrote parameter file "renf90.par"
 write renf90.par done in   4.0102005E-04  seconds
 writing renf90.dat
% records written:       4.9967%, records written:       1065 timing           0.02230406
% records written:       9.9934%, records written:       2130 timing           0.04474115
% records written:      14.9901%, records written:       3195 timing           0.06705999
% records written:      19.9869%, records written:       4260 timing           0.08908129
% records written:      24.9836%, records written:       5325 timing           0.11191225
% records written:      29.9803%, records written:       6390 timing           0.13485909
% records written:      34.9770%, records written:       7455 timing           0.15694189
% records written:      39.9737%, records written:       8520 timing           0.17925406
% records written:      44.9704%, records written:       9585 timing           0.20136929
% records written:      49.9672%, records written:      10650 timing           0.22354126
% records written:      54.9639%, records written:      11715 timing           0.24659300
% records written:      59.9606%, records written:      12780 timing           0.26927328
% records written:      64.9573%, records written:      13845 timing           0.29156494
% records written:      69.9540%, records written:      14910 timing           0.31392527
% records written:      74.9507%, records written:      15975 timing           0.33639193
% records written:      79.9475%, records written:      17040 timing           0.35866690
% records written:      84.9442%, records written:      18105 timing           0.38088894
% records written:      89.9409%, records written:      19170 timing           0.40354824
% records written:      94.9376%, records written:      20235 timing           0.42640734
% records written:      99.9343%, records written:      21300 timing           0.44900417
 Wrote renumbered data "renf90.dat" 21314 records
 write renf90.dat done in   0.4493279      seconds
 Wrote field information "renf90.fields" for 5 fields in data
 save_renum_table done in   1.7499924E-04  seconds
* END  job     Wall time: 03-26-2024  12h 22m 48s 882
 name of parameter file?
renf90.par
     preGSf90 ver. 1.25

 Parameter file:             renf90.par
 Data file:                  renf90.dat
 Number of Traits             1
 Number of Effects            4
 Position of Observations      1
 Position of Weights           0
 Value of Missing Trait/Observation           0

EFFECTS
 #  type                position (2)        levels   [positions for nested]
    1  cross-classified       2         2
    2  cross-classified       3         3
    3  cross-classified       4       270
    4  cross-classified       5    133217

 Residual (co)variance Matrix
  1.0000    

 Random Effect(s)    4
 Type of Random Effect:      additive animal with unknown parent groups and inbreeding
 Pedigree File:              renadd04.ped                                                                                                                                                                                                                                              
 trait   effect    (CO)VARIANCES
  1       4     1.000    

 REMARKS
  (1) Weight position 0 means no weights utilized
  (2) Effect positions of 0 for some effects and traits means that such
      effects are missing for specified traits
 
 

 Options read from parameter file for genomic
 * SNP format: BLUPF90 standard (text)
 * SNP file: ../genoRC_2.txt
 * SNP Xref file: ../genoRC_2.txt_XrefID
 * NOT CreateGInverse (default=.false.)
 * NOT CreateA22Inverse (default=.false.)
 * NOT CreateGimA22i (default=.false.)
 * Save Clean SNP data to (SNP_file)_clean file (default .false.)
 
 *--------------------------------------------------------------*
 *                 Genomic Library: Dist Version 1.313          *
 *                                                              *
 *             Optimized OpenMP Version -   4 threads            *
 *                                                              *
 *  Modified relationship matrix (H) created for effect:   4    *
 *--------------------------------------------------------------*
 
 Read 133217 animals from pedigree file: "renadd04.ped"
 Number of Genotyped Animals: 10

 Creating A22 
    Extracting subset of: 585 pedigrees from: 133217 elapsed time:     0.0022
    Calculating A22 Matrix by Colleau OpenMP...elapsed time: .0019
    Numbers of threads=4 4

 Reading SNP file
    Column position in file for the first marker: 11
    Format to read SNP file: (10x,400000i1)                                    
    Number of SNPs: 43421
    Format: integer genotypes (0 to 5) to double-precision array
    Number of Genotyped animals: 10
    Reading SNP file elapsed time: .11
 
 Statistics of alleles frequencies in the current population
    N:          43421
    Mean:       0.261
    Min:        0.000
    Max:        0.900
    Var:        0.031
 
 Quality Control - SNPs with Call Rate < callrate ( 0.90) will removed: 0
 
 Quality Control - SNPs with MAF < minfreq ( 0.05) will removed: 3728
 
 Quality Control - Monomorphic SNPs will be removed: 3728

 Quality Control - Removed Animals with Call rate < callrate ( 0.90): 0

 Quality Control - Check Parent-Progeny Mendelian conflicts

    Total animals: 133217 - Genotyped animals: 10 - Effective: 10

    Number of pairs Individual - Sire: 0
    Number of pairs Individual - Dam: 0
    Number of trios Individual - Sire - Dam: 0

    No sex Chromosome information is available !!
    QC for parent-progeny conflicts, HWE or heritability of gene content, could eliminate SNPs in sex Chr
    Provide map information and sex Chr to perform QC using autosomes

 Checking SNPs for Mendelian conflicts
    SNPs not masked, low # parent-progeny evaluations: 0

 Checking Animals for Mendelian conflicts

    Total number of effective SNP for checks on Animals: 39693

    Number of Parent-Progeny Mendelian Conflicts: 0

 Number of effective SNPs (after QC): 39693

 Number of effective Individuals (after QC): 10
 
 Statistics of alleles frequencies in the current population after
 Quality Control (MAF, monomorphic, call rate, HWE, Mendelian conflicts)
    N:          39693
    Mean:       0.286
    Min:        0.050
    Max:        0.900
    Var:        0.027

 List of SNPs removed in: "../genoRC_2.txt_SNPs_removed"

 Clean genotype file was created: "../genoRC_2.txt_clean"

 Cross reference ID file was created: "../genoRC_2.txt_clean_XrefID"

 Genotypes missings (%):  8.586

 Genotypes missings after cleannig (%):  0.000

 Calculating G Matrix 
    Dgemm MKL #threads=     4    4 Elapsed omp_get_time:     0.0007
 
 Scale by Sum(2pq). Average:   14081.7049999979     

 Detecting samples with similar genotypes
    elapsed time=     0.0
 Tuning G prior to blending with A22

 Tuning: Scale G matrix according to A22 -  Method: 2
    Diagonal A:    1.011    Offdiagonal A:    0.027    All A:    0.125    Difference:   0.984
    Diagonal G:    0.964    Offdiagonal G:   -0.107    All G:   -0.000    Difference:   1.071
    Diff G Diag - G OffDiag:    1.071    (da-oa)/(dg-og):    0.919
    Diff A OffDiag - G OffDiag:    0.134
    Diff A all - G all:    0.125
    a + G*b; a:  0.125       b:  0.919
 Method to select individuals: 1
 Number of individual selected: 10
 
 Blend G as alpha*G + beta*A22: (alpha,beta)     0.950     0.050

 Frequency - Diagonal of G
    N:          10
    Mean:        1.011
    Min:         0.958
    Max:         1.086
    Range:       0.006
    Class:     20
 
  #Class       Class   Count
       1  0.9580           1
       2  0.9644           1
       3  0.9708           0
       4  0.9772           0
       5  0.9835           3
       6  0.9899           1
       7  0.9963           0
       8   1.003           0
       9   1.009           0
      10   1.015           0
      11   1.022           0
      12   1.028           1
      13   1.035           0
      14   1.041           0
      15   1.047           1
      16   1.054           1
      17   1.060           0
      18   1.067           0
      19   1.073           0
      20   1.079           1
      21   1.086           0
 

 Check for diagonal of genomic relationship matrix


 Check for diagonal of genomic relationship matrix, genotypes not removed: 0

 ------------------------------
  Final Pedigree-Based Matrix 
 ------------------------------
 
 Statistic of Rel. Matrix A22
                                N      Mean       Min       Max       Var
     Diagonal                  10     1.011     1.000     1.034     0.000
     Off-diagonal              90     0.027     0.001     0.261     0.002
 

 ----------------------
  Final Genomic Matrix 
 ----------------------
 
 Statistic of Genomic Matrix
                                N      Mean       Min       Max       Var
     Diagonal                  10     1.011     0.958     1.086     0.002
     Off-diagonal              90     0.027    -0.033     0.294     0.003
 

 Correlation of Genomic Inbreeding and Pedigree Inbreeding
     Correlation:     0.1962
 
 Diagonal elements
    Estimating Regression Coefficients G = b0 11' + b1 A + e
    Regression coefficients b0 b1 =      0.358     0.645

    Correlation diagonal elements G & A     0.196
 
 All elements - Diagonal / Off-Diagonal
    Estimating Regression Coefficients G = b0 11' + b1 A + e
    Regression coefficients b0 b1 =      0.000     1.000

    Correlation all elements G & A     0.993
 
 Off-Diagonal
    Using 34 elements from A22 >= .02000

    Estimating Regression Coefficients G = b0 11' + b1 A + e
    Regression coefficients b0 b1 =     -0.013     1.089

    Correlation Off-Diagonal elements G & A     0.818
 

*--------------------------------------------------*
* Setup Genomic Done !!!, elapsed time:      0.815 *
*--------------------------------------------------*

/home/leonardo/Escritorio/Doc_p1/eva_genetica/Codigo
 RENUMF90 version 1.162 with zlib
* START job     Wall time: 03-26-2024  12h 22m 52s 179
 name of parameter file? renum.par
 datafile:RC.txt
 traits:           2
 number of weights=            1
 in columns:            0 (0 means no weight)
 R
   1.000    

 Processing effect  1 of type cross     
 item_kind=alpha     

 Processing effect  2 of type cross     
 item_kind=alpha     

 Processing effect  3 of type cross     
 item_kind=alpha     

 Processing effect  4 of type cross     
 item_kind=alpha     
 pedigree file name  "../../../../Pedigri.txt"
 positions of animal, sire, dam, alternate dam, yob, and group     1     2     3     0     0     0     0
 SNP file name  "../genoRC_2.txt"
 all pedigrees to be included
 Inbreeding coefficients internally calculated with Meuwissen & Luo
 Reading (CO)VARIANCES:           1 x           1

 Maximum size of character fields: 25

 Maximum size of record (max_string_readline): 8000

 Maximum number of fields for input file (max_field_readline): 100

 Pedigree search method (ped_search): convention

 Order of pedigree animals (animal_order): default

 Order of UPG (upg_order): default

 Missing observation code (missing): 0

 Remove the data lines that have missing observations for all traits

  guessed number of lines        21314

 Using prime hash function
 hash tables for effects set up
 first 3 lines of the data file (up to 700 characters)
    DB-00067 52.6136363636364 1 1 ES0501911024620007M2001RC
    DB-00063 51.6584158415842 1 1 ES0501911024620007M2001RC
    DB-00066 53.7675350701403 1 2 ES0501911024620004M2001RC
% records read:       4.9967%, records read:       1065 timing           0.01339500
% records read:       9.9934%, records read:       2130 timing           0.02695599
% records read:      14.9901%, records read:       3195 timing           0.04090700
% records read:      19.9869%, records read:       4260 timing           0.05472398
% records read:      24.9836%, records read:       5325 timing           0.06793600
% records read:      29.9803%, records read:       6390 timing           0.08117500
 table expanded from        10000  to        20000  records
% records read:      34.9770%, records read:       7455 timing           0.19506299
% records read:      39.9737%, records read:       8520 timing           0.20909399
% records read:      44.9704%, records read:       9585 timing           0.22288799
% records read:      49.9672%, records read:      10650 timing           0.23651299
% records read:      54.9639%, records read:      11715 timing           0.25035298
% records read:      59.9606%, records read:      12780 timing           0.26402399
% records read:      64.9573%, records read:      13845 timing           0.27792698
 table expanded from        20000  to        40000  records
% records read:      69.9540%, records read:      14910 timing           0.49072102
% records read:      74.9507%, records read:      15975 timing           0.50408900
% records read:      79.9475%, records read:      17040 timing           0.51728296
% records read:      84.9442%, records read:      18105 timing           0.53054500
% records read:      89.9409%, records read:      19170 timing           0.54432499
% records read:      94.9376%, records read:      20235 timing           0.55780196
% records read:      99.9343%, records read:      21300 timing           0.57100296
 read        21312  records in   0.5711809      seconds

 *** Notice ***
     There are 2 lines with all-missing-observations lines, and
     the above number of records (21312) does not include such data.
     The all-missing records will be removed from renf90.dat.
     
 ------------------------------
Processing effect group    1
 table with            2  elements sorted
 added count
 Effect group            1  of column            1  with            2  levels
 table expanded from        10000  to        10000  records
 Effect group            1  done in   5.5575013E-02  seconds
 ------------------------------
Processing effect group    2
 table with            3  elements sorted
 added count
 Effect group            2  of column            1  with            3  levels
 table expanded from        10000  to        10000  records
 Effect group            2  done in   5.6089044E-02  seconds
 ------------------------------
Processing effect group    3
 table with          270  elements sorted
 added count
 Effect group            3  of column            1  with          270  levels
 table expanded from        10000  to        10000  records
 Effect group            3  done in   6.2093019E-02  seconds
 ------------------------------
Processing effect group    4
 added count
 Effect group            4  of column            1  with        21312  levels
 Effect group            4  done in   1.7769933E-03  seconds
 wrote statistics in file "renf90.tables"
 reading data file for basic statistics
% records read:       4.9967%, records read:       1065 timing           0.01125801
% records read:       9.9934%, records read:       2130 timing           0.02262300
% records read:      14.9901%, records read:       3195 timing           0.03396904
% records read:      19.9869%, records read:       4260 timing           0.04491502
% records read:      24.9836%, records read:       5325 timing           0.05615097
% records read:      29.9803%, records read:       6390 timing           0.06737298
% records read:      34.9770%, records read:       7455 timing           0.07835108
% records read:      39.9737%, records read:       8520 timing           0.08930498
% records read:      44.9704%, records read:       9585 timing           0.10012704
% records read:      49.9672%, records read:      10650 timing           0.11071998
% records read:      54.9639%, records read:      11715 timing           0.12140900
% records read:      59.9606%, records read:      12780 timing           0.13246900
% records read:      64.9573%, records read:      13845 timing           0.14338702
% records read:      69.9540%, records read:      14910 timing           0.15430504
% records read:      74.9507%, records read:      15975 timing           0.16509503
% records read:      79.9475%, records read:      17040 timing           0.17584008
% records read:      84.9442%, records read:      18105 timing           0.18674201
% records read:      89.9409%, records read:      19170 timing           0.19746107
% records read:      94.9376%, records read:      20235 timing           0.20828408
% records read:      99.9343%, records read:      21300 timing           0.21913809

 Basic statistics for input data  (missing value code is '0')
 Pos  Min         Max         Mean        SD                 N
   2    49.140      61.794      55.504      1.8887       21312

 *** Warning ***
     There are 2 lines with all-missing-observations lines.
     Such data will be removed from the final output.
 basic_statistics done in   0.2193421      seconds

 random effect with SNPs  4
 type: animal    
 file: ../genoRC_2.txt
 form: plain text
 read SNPs          10  records
 Effect group            4  of column            1  with        21314  levels
 add_snp done in   4.3201447E-04  seconds
 reorder_animal done in   2.0265579E-06  seconds

 random effect   4
 type:animal    
renumber_animal, start    Wall time: 03-26-2024  12h 22m 53s 379
 opened output pedigree file "renadd04.ped"
 table expanded from        40000  to        80000  records
 table expanded from        80000  to       160000  records
 table expanded from       160000  to       320000  records
 load_animals time    4.615668      seconds
 read       133217  pedigree records
 loaded       111903  parent(s) in round            0

 Pedigree checks
compute_inbreeding time, start    Wall time: 03-26-2024  12h 22m 58s 089

 Computations for inbreeding coefficients
actual inbreeding computation, start    Wall time: 03-26-2024  12h 22m 58s 130
actual inbreeding computation, done     Wall time: 03-26-2024  12h 22m 58s 375
 Tiny negative value will be replaced with 0 considered as numerical error.
 Wrote inbreeding file "renf90.inb" with original id

 Inbreeding statistics:
 the maximum inbreeding coefficient    =  0.5648
 average inbreeding for inbred animals =  0.0713   n = 96778
                       for all animals =  0.0518   n = 133217
compute_inbreeding time, done     Wall time: 03-26-2024  12h 22m 58s 951
 loop writing renadd, time   0.6889744      seconds
 
 Number of animals with records                  =        21312
 Number of animals with genotypes                =           10
 Number of animals with records or genotypes     =        21314
 Number of animals with genotypes and no records =            2
 Number of parents without records or genotypes  =       111903
 Total number of animals                         =       133217
renumber_animal, end      Wall time: 03-26-2024  12h 22m 59s 661

 Wrote cross reference IDs for SNP file "../genoRC_2.txt_XrefID"
 write_SNP_Xref done in   4.2724609E-04  seconds
 write_map done in   1.0967255E-05  seconds

 Wrote parameter file "renf90.par"
 write renf90.par done in   3.3855438E-04  seconds
 writing renf90.dat
% records written:       4.9967%, records written:       1065 timing           0.02233505
% records written:       9.9934%, records written:       2130 timing           0.04451895
% records written:      14.9901%, records written:       3195 timing           0.06673670
% records written:      19.9869%, records written:       4260 timing           0.08894491
% records written:      24.9836%, records written:       5325 timing           0.11059093
% records written:      29.9803%, records written:       6390 timing           0.13262796
% records written:      34.9770%, records written:       7455 timing           0.15453005
% records written:      39.9737%, records written:       8520 timing           0.17649078
% records written:      44.9704%, records written:       9585 timing           0.19876385
% records written:      49.9672%, records written:      10650 timing           0.22091770
% records written:      54.9639%, records written:      11715 timing           0.24303913
% records written:      59.9606%, records written:      12780 timing           0.26564503
% records written:      64.9573%, records written:      13845 timing           0.28776169
% records written:      69.9540%, records written:      14910 timing           0.30976391
% records written:      74.9507%, records written:      15975 timing           0.33208895
% records written:      79.9475%, records written:      17040 timing           0.35436869
% records written:      84.9442%, records written:      18105 timing           0.37638903
% records written:      89.9409%, records written:      19170 timing           0.39860582
% records written:      94.9376%, records written:      20235 timing           0.42070580
% records written:      99.9343%, records written:      21300 timing           0.44267988
 Wrote renumbered data "renf90.dat" 21312 records
 write renf90.dat done in   0.4429579      seconds
 All-observation-missing data detected: 2 records
 The renumbered file "renf90.dat" does not have such data.
 Wrote field information "renf90.fields" for 5 fields in data
 save_renum_table done in   1.4686584E-04  seconds
* END  job     Wall time: 03-26-2024  12h 23m 00s 122
 name of parameter file?
renf90.par
     preGSf90 ver. 1.25

 Parameter file:             renf90.par
 Data file:                  renf90.dat
 Number of Traits             1
 Number of Effects            4
 Position of Observations      1
 Position of Weights           0
 Value of Missing Trait/Observation           0

EFFECTS
 #  type                position (2)        levels   [positions for nested]
    1  cross-classified       2         2
    2  cross-classified       3         3
    3  cross-classified       4       270
    4  cross-classified       5    133217

 Residual (co)variance Matrix
  1.0000    

 Random Effect(s)    4
 Type of Random Effect:      additive animal with unknown parent groups and inbreeding
 Pedigree File:              renadd04.ped                                                                                                                                                                                                                                              
 trait   effect    (CO)VARIANCES
  1       4     1.000    

 REMARKS
  (1) Weight position 0 means no weights utilized
  (2) Effect positions of 0 for some effects and traits means that such
      effects are missing for specified traits
 
 

 Options read from parameter file for genomic
 * SNP format: BLUPF90 standard (text)
 * SNP file: ../genoRC_2.txt
 * SNP Xref file: ../genoRC_2.txt_XrefID
 * NOT CreateGInverse (default=.false.)
 * NOT CreateA22Inverse (default=.false.)
 * NOT CreateGimA22i (default=.false.)
 * Save Clean SNP data to (SNP_file)_clean file (default .false.)
 
 *--------------------------------------------------------------*
 *                 Genomic Library: Dist Version 1.313          *
 *                                                              *
 *             Optimized OpenMP Version -   4 threads            *
 *                                                              *
 *  Modified relationship matrix (H) created for effect:   4    *
 *--------------------------------------------------------------*
 
 Read 133217 animals from pedigree file: "renadd04.ped"
 Number of Genotyped Animals: 10

 Creating A22 
    Extracting subset of: 585 pedigrees from: 133217 elapsed time:     0.0007
    Calculating A22 Matrix by Colleau OpenMP...elapsed time: .0027
    Numbers of threads=4 4

 Reading SNP file
    Column position in file for the first marker: 11
    Format to read SNP file: (10x,400000i1)                                    
    Number of SNPs: 43421
    Format: integer genotypes (0 to 5) to double-precision array
    Number of Genotyped animals: 10
    Reading SNP file elapsed time: .06
 
 Statistics of alleles frequencies in the current population
    N:          43421
    Mean:       0.261
    Min:        0.000
    Max:        0.900
    Var:        0.031
 
 Quality Control - SNPs with Call Rate < callrate ( 0.90) will removed: 0
 
 Quality Control - SNPs with MAF < minfreq ( 0.05) will removed: 3728
 
 Quality Control - Monomorphic SNPs will be removed: 3728

 Quality Control - Removed Animals with Call rate < callrate ( 0.90): 0

 Quality Control - Check Parent-Progeny Mendelian conflicts

    Total animals: 133217 - Genotyped animals: 10 - Effective: 10

    Number of pairs Individual - Sire: 0
    Number of pairs Individual - Dam: 0
    Number of trios Individual - Sire - Dam: 0

    No sex Chromosome information is available !!
    QC for parent-progeny conflicts, HWE or heritability of gene content, could eliminate SNPs in sex Chr
    Provide map information and sex Chr to perform QC using autosomes

 Checking SNPs for Mendelian conflicts
    SNPs not masked, low # parent-progeny evaluations: 0

 Checking Animals for Mendelian conflicts

    Total number of effective SNP for checks on Animals: 39693

    Number of Parent-Progeny Mendelian Conflicts: 0

 Number of effective SNPs (after QC): 39693

 Number of effective Individuals (after QC): 10
 
 Statistics of alleles frequencies in the current population after
 Quality Control (MAF, monomorphic, call rate, HWE, Mendelian conflicts)
    N:          39693
    Mean:       0.286
    Min:        0.050
    Max:        0.900
    Var:        0.027

 List of SNPs removed in: "../genoRC_2.txt_SNPs_removed"

 Clean genotype file was created: "../genoRC_2.txt_clean"

 Cross reference ID file was created: "../genoRC_2.txt_clean_XrefID"

 Genotypes missings (%):  8.586

 Genotypes missings after cleannig (%):  0.000

 Calculating G Matrix 
    Dgemm MKL #threads=     4    4 Elapsed omp_get_time:     0.0007
 
 Scale by Sum(2pq). Average:   14081.7049999979     

 Detecting samples with similar genotypes
    elapsed time=     0.0
 Tuning G prior to blending with A22

 Tuning: Scale G matrix according to A22 -  Method: 2
    Diagonal A:    1.011    Offdiagonal A:    0.027    All A:    0.125    Difference:   0.984
    Diagonal G:    0.964    Offdiagonal G:   -0.107    All G:   -0.000    Difference:   1.071
    Diff G Diag - G OffDiag:    1.071    (da-oa)/(dg-og):    0.919
    Diff A OffDiag - G OffDiag:    0.134
    Diff A all - G all:    0.125
    a + G*b; a:  0.125       b:  0.919
 Method to select individuals: 1
 Number of individual selected: 10
 
 Blend G as alpha*G + beta*A22: (alpha,beta)     0.950     0.050

 Frequency - Diagonal of G
    N:          10
    Mean:        1.011
    Min:         0.958
    Max:         1.086
    Range:       0.006
    Class:     20
 
  #Class       Class   Count
       1  0.9580           1
       2  0.9644           1
       3  0.9708           0
       4  0.9772           0
       5  0.9835           3
       6  0.9899           1
       7  0.9963           0
       8   1.003           0
       9   1.009           0
      10   1.015           0
      11   1.022           0
      12   1.028           1
      13   1.035           0
      14   1.041           0
      15   1.047           1
      16   1.054           1
      17   1.060           0
      18   1.067           0
      19   1.073           0
      20   1.079           1
      21   1.086           0
 

 Check for diagonal of genomic relationship matrix


 Check for diagonal of genomic relationship matrix, genotypes not removed: 0

 ------------------------------
  Final Pedigree-Based Matrix 
 ------------------------------
 
 Statistic of Rel. Matrix A22
                                N      Mean       Min       Max       Var
     Diagonal                  10     1.011     1.000     1.034     0.000
     Off-diagonal              90     0.027     0.001     0.261     0.002
 

 ----------------------
  Final Genomic Matrix 
 ----------------------
 
 Statistic of Genomic Matrix
                                N      Mean       Min       Max       Var
     Diagonal                  10     1.011     0.958     1.086     0.002
     Off-diagonal              90     0.027    -0.033     0.294     0.003
 

 Correlation of Genomic Inbreeding and Pedigree Inbreeding
     Correlation:     0.1962
 
 Diagonal elements
    Estimating Regression Coefficients G = b0 11' + b1 A + e
    Regression coefficients b0 b1 =      0.358     0.645

    Correlation diagonal elements G & A     0.196
 
 All elements - Diagonal / Off-Diagonal
    Estimating Regression Coefficients G = b0 11' + b1 A + e
    Regression coefficients b0 b1 =      0.000     1.000

    Correlation all elements G & A     0.993
 
 Off-Diagonal
    Using 34 elements from A22 >= .02000

    Estimating Regression Coefficients G = b0 11' + b1 A + e
    Regression coefficients b0 b1 =     -0.013     1.089

    Correlation Off-Diagonal elements G & A     0.818
 

*--------------------------------------------------*
* Setup Genomic Done !!!, elapsed time:      0.653 *
*--------------------------------------------------*

/home/leonardo/Escritorio/Doc_p1/eva_genetica/Codigo
 RENUMF90 version 1.162 with zlib
* START job     Wall time: 03-26-2024  12h 31m 01s 196
 name of parameter file? renum.par
 datafile:C365.txt
 traits:           2
 number of weights=            1
 in columns:            0 (0 means no weight)
 R
   1.000    

 Processing effect  1 of type cross     
 item_kind=alpha     

 Processing effect  2 of type cross     
 item_kind=alpha     

 Processing effect  3 of type cov       

 Processing effect  4 of type cov       

 Processing effect  5 of type cross     
 item_kind=alpha     
 pedigree file name  "../../../../Pedigri.txt"
 positions of animal, sire, dam, alternate dam, yob, and group     1     2     3     0     0     0     0
 SNP file is not found. file=../genoC365_2.txt
sed: no se puede leer renf90.par: No existe el archivo o el directorio
 name of parameter file?
renf90.par
 DATAFILE not found
/home/leonardo/Escritorio/Doc_p1/eva_genetica/Codigo
 RENUMF90 version 1.162 with zlib
* START job     Wall time: 03-26-2024  12h 31m 01s 234
 name of parameter file? renum.par
 datafile:C365.txt
 traits:           2
 number of weights=            1
 in columns:            0 (0 means no weight)
 R
   1.000    

 Processing effect  1 of type cross     
 item_kind=alpha     

 Processing effect  2 of type cross     
 item_kind=alpha     

 Processing effect  3 of type cov       

 Processing effect  4 of type cov       

 Processing effect  5 of type cross     
 item_kind=alpha     
 pedigree file name  "../../../../Pedigri.txt"
 positions of animal, sire, dam, alternate dam, yob, and group     1     2     3     0     0     0     0
 SNP file is not found. file=../genoC365_2.txt
sed: no se puede leer renf90.par: No existe el archivo o el directorio
 name of parameter file?
renf90.par
 DATAFILE not found
/home/leonardo/Escritorio/Doc_p1/eva_genetica/Codigo
